3.200000	,	0.035852	
	3.200000	,	-0.008942	
	3.200000	,	0.009749	
	3.200000	,	-0.002497	
	3.200000	,	-0.032468	
	3.198000	,	-0.040524	
	3.198000	,	0.005882	
	3.198000	,	-0.038913	
	3.198000	,	-0.012487	
	3.196000	,	0.014260	
	3.196000	,	-0.157505	
	3.196000	,	-0.031823	
	3.196000	,	-0.008620	
	3.194000	,	-0.025700	
	3.194000	,	-0.023122	
	3.194000	,	-0.026345	
	3.194000	,	-0.028600	
	3.192000	,	-0.065016	
	3.192000	,	-0.057282	
	3.192000	,	-0.027311	
	3.192000	,	-0.040524	
	3.190000	,	-0.011198	
	3.190000	,	0.006848	
	3.190000	,	-0.067272	
	3.190000	,	-0.005075	
	3.188000	,	0.045520	
	3.188000	,	-0.046969	
	3.188000	,	-0.144292	
	3.188000	,	-0.003786	
	3.186000	,	-0.003786	
	3.186000	,	0.046809	
	3.186000	,	-0.010554	
	3.186000	,	-0.054059	
	3.184000	,	-0.059538	
	3.184000	,	0.041975	
	3.184000	,	-0.239682	
	3.184000	,	-0.024089	
	3.182000	,	-0.008298	
	3.182000	,	-0.001853	
	3.182000	,	-0.023444	
	3.182000	,	-0.092731	
	3.180000	,	0.134142	
	3.180000	,	-0.059538	
	3.180000	,	-0.007653	
	3.180000	,	-0.033434	
	3.178000	,	-0.034401	
	3.178000	,	0.011682	
	3.178000	,	-0.049870	
	3.178000	,	-0.004109	
	3.176000	,	-0.027956	
	3.176000	,	-0.005720	
	3.176000	,	-0.208745	
	3.176000	,	-0.091119	
	3.174000	,	-0.030534	
	3.174000	,	0.026506	
	3.174000	,	-0.089186	
	3.174000	,	0.061955	
	3.172000	,	-0.078551	
	3.172000	,	0.000081	
	3.172000	,	-0.007653	
	3.172000	,	-0.077584	
	3.170000	,	-0.025056	
	3.170000	,	-0.033112	
	3.170000	,	0.050676	
	3.170000	,	-0.019255	
	3.168000	,	-0.070494	
	3.168000	,	-0.234526	
	3.168000	,	-0.045680	
	3.168000	,	-0.145259	
	3.166000	,	-0.077584	
	3.166000	,	-0.051481	
	3.166000	,	-0.060504	
	3.166000	,	0.020383	
	3.164000	,	-0.038268	
	3.164000	,	0.116095	
	3.164000	,	-0.005075	
	3.164000	,	-0.041169	
	3.162000	,	-0.021188	
	3.162000	,	-0.067594	
	3.162000	,	-0.044069	
	3.162000	,	-0.027311	
	3.160000	,	-0.011843	
	3.160000	,	-0.026345	
	3.160000	,	-0.041813	
	3.160000	,	-0.018288	
	3.158000	,	-0.139781	
	3.158000	,	-0.022800	
	3.158000	,	-0.018288	
	3.158000	,	-0.043102	
	3.156000	,	-0.004431	
	3.156000	,	0.032629	
	3.156000	,	-0.031823	
	3.156000	,	-0.094986	
	3.154000	,	-0.022155	
	3.154000	,	-0.038591	
	3.154000	,	-0.009265	
	3.154000	,	-0.235815	
	3.152000	,	0.003948	
	3.152000	,	-0.024411	
	3.152000	,	-0.185220	
	3.152000	,	-0.017966	
	3.150000	,	0.102882	
	3.150000	,	-0.033112	
	3.150000	,	-0.032145	
	3.150000	,	-0.016999	
	3.148000	,	-0.018288	
	3.148000	,	0.004915	
	3.148000	,	-0.126246	
	3.148000	,	0.036174	
	3.146000	,	-0.050514	
	3.146000	,	-0.021833	
	3.146000	,	-0.023767	
	3.146000	,	-0.050514	
	3.144000	,	-0.017644	
	3.144000	,	-0.001530	
	3.144000	,	0.060022	
	3.144000	,	-0.003464	
	3.142000	,	-0.037302	
	3.142000	,	-0.007976	
	3.142000	,	-0.018288	
	3.142000	,	0.174425	
	3.140000	,	0.082902	
	3.140000	,	-0.047936	
	3.140000	,	0.014260	
	3.140000	,	-0.046647	
	3.138000	,	0.000081	
	3.138000	,	-0.038913	
	3.138000	,	-0.050514	
	3.138000	,	0.021028	
	3.136000	,	0.059055	
	3.136000	,	-0.023122	
	3.136000	,	-0.020544	
	3.136000	,	-0.058571	
	3.134000	,	-0.034723	
	3.134000	,	-0.004753	
	3.134000	,	0.012327	
	3.134000	,	-0.128824	
	3.132000	,	-0.042135	
	3.132000	,	-0.098854	
	3.132000	,	-0.010554	
	3.132000	,	-0.179419	
	3.130000	,	-0.038913	
	3.130000	,	-0.034401	
	3.130000	,	0.089025	
	3.130000	,	0.000725	
	3.128000	,	-0.072106	
	3.128000	,	-0.107555	
	3.128000	,	-0.047936	
	3.128000	,	-0.114000	
	3.126000	,	-0.000564	
	3.126000	,	-0.002175	
	3.126000	,	-0.091764	
	3.126000	,	-0.026667	
	3.124000	,	-0.030534	
	3.124000	,	-0.014421	
	3.124000	,	-0.021511	
	3.124000	,	-0.031179	
	3.122000	,	0.080969	
	3.122000	,	0.031663	
	3.122000	,	0.038108	
	3.122000	,	-0.022800	
	3.120000	,	-0.011198	
	3.120000	,	-0.062438	
	3.120000	,	-0.063082	
	3.120000	,	-0.044391	
	3.118000	,	0.091603	
	3.118000	,	-0.020544	
	3.118000	,	-0.210678	
	3.118000	,	0.075168	
	3.116000	,	0.002014	
	3.116000	,	0.018772	
	3.116000	,	-0.054704	
	3.116000	,	-0.043102	
	3.114000	,	0.017483	
	3.114000	,	-0.013132	
	3.114000	,	0.126408	
	3.114000	,	-0.033112	
	3.112000	,	-0.022477	
	3.112000	,	-0.054704	
	3.112000	,	-0.031179	
	3.112000	,	-0.032468	
	3.110000	,	0.019739	
	3.110000	,	-0.012487	
	3.110000	,	0.002981	
	3.110000	,	-0.061793	
	3.108000	,	-0.025378	
	3.108000	,	-0.149771	
	3.108000	,	0.007171	
	3.108000	,	-0.037946	
	3.106000	,	0.020061	
	3.106000	,	-0.016354	
	3.106000	,	-0.042780	
	3.106000	,	-0.021511	
	3.104000	,	-0.029567	
	3.104000	,	-0.034723	
	3.104000	,	-0.097564	
	3.104000	,	-0.042458	
	3.102000	,	-0.077584	
	3.102000	,	-0.039557	
	3.102000	,	-0.045680	
	3.102000	,	-0.066305	
	3.100000	,	0.035207	
	3.100000	,	0.001692	
	3.100000	,	-0.069528	
	3.100000	,	0.022961	
	3.098000	,	-0.021833	
	3.098000	,	0.235654	
	3.098000	,	-0.023767	
	3.098000	,	0.000403	
	3.096000	,	-0.020866	
	3.096000	,	-0.025700	
	3.096000	,	-0.005075	
	3.096000	,	-0.057926	
	3.094000	,	-0.026345	
	3.094000	,	-0.035368	
	3.094000	,	-0.031823	
	3.094000	,	-0.037946	
	3.092000	,	-0.073717	
	3.092000	,	-0.029889	
	3.092000	,	-0.073073	
	3.092000	,	-0.026022	
	3.090000	,	-0.007009	
	3.090000	,	-0.037946	
	3.090000	,	-0.045680	
	3.090000	,	-0.126246	
	3.088000	,	0.010393	
	3.088000	,	-0.023767	
	3.088000	,	-0.063082	
	3.088000	,	-0.129468	
	3.086000	,	-0.033434	
	3.086000	,	-0.040846	
	3.086000	,	0.425467	
	3.086000	,	-0.020544	
	3.084000	,	-0.023767	
	3.084000	,	-0.038268	
	3.084000	,	-0.096275	
	3.084000	,	-0.068239	
	3.082000	,	-0.020866	
	3.082000	,	-0.049870	
	3.082000	,	-0.004753	
	3.082000	,	-0.010232	
	3.080000	,	-0.061471	
	3.080000	,	-0.052448	
	3.080000	,	-0.018933	
	3.080000	,	-0.022155	
	3.078000	,	-0.019255	
	3.078000	,	-0.002175	
	3.078000	,	-0.034401	
	3.078000	,	-0.036012	
	3.076000	,	0.040041	
	3.076000	,	-0.027634	
	3.076000	,	-0.034401	
	3.076000	,	0.087414	
	3.074000	,	-0.012165	
	3.074000	,	-0.047614	
	3.074000	,	-0.019899	
	3.074000	,	-0.040846	
	3.072000	,	-0.018288	
	3.072000	,	-0.012487	
	3.072000	,	-0.018288	
	3.072000	,	-0.033757	
	3.070000	,	0.051965	
	3.070000	,	-0.015065	
	3.070000	,	0.133175	
	3.070000	,	0.000403	
	3.068000	,	-0.035368	
	3.068000	,	-0.013776	
	3.068000	,	0.075168	
	3.068000	,	-0.034723	
	3.066000	,	0.041975	
	3.066000	,	-0.026022	
	3.066000	,	-0.000886	
	3.066000	,	-0.045680	
	3.064000	,	-0.014743	
	3.064000	,	-0.016999	
	3.064000	,	-0.096598	
	3.064000	,	-0.046969	
	3.062000	,	-0.020222	
	3.062000	,	-0.034401	
	3.062000	,	-0.026989	
	3.062000	,	0.200850	
	3.060000	,	-0.039557	
	3.060000	,	0.016838	
	3.060000	,	-0.043747	
	3.060000	,	0.001370	
	3.058000	,	-0.256117	
	3.058000	,	-0.096920	
	3.058000	,	-0.017966	
	3.058000	,	-0.034723	
	3.056000	,	-0.050192	
	3.056000	,	-0.040846	
	3.056000	,	-0.024089	
	3.056000	,	-0.030212	
	3.054000	,	-0.034723	
	3.054000	,	-0.021833	
	3.054000	,	-0.014743	
	3.054000	,	-0.005720	
	3.052000	,	-0.032468	
	3.052000	,	-0.020222	
	3.052000	,	-0.152027	
	3.052000	,	0.008137	
	3.050000	,	-0.056315	
	3.050000	,	-0.381799	
	3.050000	,	-0.030856	
	3.050000	,	-0.025056	
	3.048000	,	-0.050837	
	3.048000	,	-0.001208	
	3.048000	,	-0.080162	
	3.048000	,	0.336845	
	3.046000	,	-0.032790	
	3.046000	,	-0.027311	
	3.046000	,	-0.017966	
	3.046000	,	-0.016354	
	3.044000	,	0.045842	
	3.044000	,	-0.019255	
	3.044000	,	-0.086285	
	3.044000	,	0.099338	
	3.042000	,	-0.025056	
	3.042000	,	-0.015388	
	3.042000	,	-0.008620	
	3.042000	,	-0.017966	
	3.040000	,	-0.038268	
	3.040000	,	-0.002497	
	3.040000	,	-0.012487	
	3.040000	,	-0.050837	
	3.038000	,	-0.049547	
	3.038000	,	-0.038913	
	3.038000	,	-0.010554	
	3.038000	,	-0.026989	
	3.036000	,	-0.046647	
	3.036000	,	-0.001208	
	3.036000	,	-0.051159	
	3.036000	,	-0.066305	
	3.034000	,	-0.003142	
	3.034000	,	-0.038591	
	3.034000	,	0.000725	
	3.034000	,	-0.026989	
	3.032000	,	-0.025700	
	3.032000	,	-0.028600	
	3.032000	,	0.009426	
	3.032000	,	-0.015388	
	3.030000	,	-0.060827	
	3.030000	,	-0.038268	
	3.030000	,	0.013616	
	3.030000	,	-0.054704	
	3.028000	,	-0.008942	
	3.028000	,	-0.081774	
	3.028000	,	-0.034401	
	3.028000	,	0.050676	
	3.026000	,	-0.020222	
	3.026000	,	-0.002175	
	3.026000	,	-0.050514	
	3.026000	,	-0.023767	
	3.024000	,	0.063244	
	3.024000	,	0.032629	
	3.024000	,	-0.025700	
	3.024000	,	-0.026989	
	3.022000	,	-0.023767	
	3.022000	,	0.066145	
	3.022000	,	-0.035046	
	3.022000	,	-0.011521	
	3.020000	,	-0.061793	
	3.020000	,	-0.133336	
	3.020000	,	-0.045036	
	3.020000	,	-0.013776	
	3.018000	,	-0.041169	
	3.018000	,	0.025540	
	3.018000	,	-0.060182	
	3.018000	,	-0.012165	
	3.016000	,	-0.024411	
	3.016000	,	-0.023767	
	3.016000	,	0.027151	
	3.016000	,	-0.039235	
	3.014000	,	0.017805	
	3.014000	,	-0.133658	
	3.014000	,	-0.018288	
	3.014000	,	-0.055026	
	3.012000	,	-0.016354	
	3.012000	,	-0.014743	
	3.012000	,	0.054543	
	3.012000	,	-0.047936	
	3.010000	,	-0.012810	
	3.010000	,	-0.169429	
	3.010000	,	-0.025378	
	3.010000	,	0.009749	
	3.008000	,	-0.084352	
	3.008000	,	-0.008942	
	3.008000	,	0.034563	
	3.008000	,	-0.013776	
	3.006000	,	-0.069850	
	3.006000	,	-0.033112	
	3.006000	,	-0.025700	
	3.006000	,	-0.027311	
	3.004000	,	-0.019577	
	3.004000	,	-0.039880	
	3.004000	,	0.146388	
	3.004000	,	-0.119156	
	3.002000	,	-0.025700	
	3.002000	,	-0.020222	
	3.002000	,	-0.007009	
	3.002000	,	-0.029889	
	3.000000	,	-0.046003	
	3.000000	,	-0.000886	
	3.000000	,	0.046809	
	3.000000	,	-0.009909	
	2.998000	,	-0.028923	
	2.998000	,	0.282705	
	2.998000	,	-0.066305	
	2.998000	,	-0.060504	
	2.996000	,	-0.086608	
	2.996000	,	0.042942	
	2.996000	,	-0.020544	
	2.996000	,	-0.207133	
	2.994000	,	-0.038268	
	2.994000	,	-0.011521	
	2.994000	,	-0.034401	
	2.994000	,	-0.023767	
	2.992000	,	-0.045358	
	2.992000	,	-0.009265	
	2.992000	,	-0.024411	
	2.992000	,	0.128663	
	2.990000	,	-0.066950	
	2.990000	,	-0.113678	
	2.990000	,	-0.042458	
	2.990000	,	-0.015710	
	2.988000	,	-0.022477	
	2.988000	,	-0.016354	
	2.988000	,	0.013294	
	2.988000	,	0.029729	
	2.986000	,	0.001370	
	2.986000	,	-0.064049	
	2.986000	,	-0.191343	
	2.986000	,	-0.047614	
	2.984000	,	-0.025378	
	2.984000	,	-0.223247	
	2.984000	,	-0.084674	
	2.984000	,	-0.005075	
	2.982000	,	-0.070494	
	2.982000	,	-0.026345	
	2.982000	,	-0.053415	
	2.982000	,	0.220508	
	2.980000	,	-0.046003	
	2.980000	,	0.095148	
	2.980000	,	-0.049547	
	2.980000	,	-0.055670	
	2.978000	,	-0.043102	
	2.978000	,	-0.009265	
	2.978000	,	-0.026022	
	2.978000	,	-0.003786	
	2.976000	,	-0.021833	
	2.976000	,	-0.004753	
	2.976000	,	-0.186509	
	2.976000	,	-0.025378	
	2.974000	,	-0.008298	
	2.974000	,	0.021028	
	2.974000	,	-0.019577	
	2.974000	,	-0.016677	
	2.972000	,	-0.084674	
	2.972000	,	-0.223247	
	2.972000	,	0.051321	
	2.972000	,	-0.020222	
	2.970000	,	-0.198432	
	2.970000	,	0.045198	
	2.970000	,	-0.030856	
	2.970000	,	-0.023444	
	2.968000	,	-0.090152	
	2.968000	,	-0.023767	
	2.968000	,	0.011682	
	2.968000	,	-0.021511	
	2.966000	,	-0.030212	
	2.966000	,	-0.261273	
	2.966000	,	0.063889	
	2.966000	,	0.011682	
	2.964000	,	0.001048	
	2.964000	,	-0.039557	
	2.964000	,	-0.014743	
	2.964000	,	-0.015065	
	2.962000	,	-0.052448	
	2.962000	,	-0.234848	
	2.962000	,	-0.033112	
	2.962000	,	-0.051159	
	2.960000	,	-0.053415	
	2.960000	,	-0.024411	
	2.960000	,	-0.040202	
	2.960000	,	-0.120123	
	2.958000	,	-0.037946	
	2.958000	,	0.006526	
	2.958000	,	-0.041491	
	2.958000	,	-0.019577	
	2.956000	,	-0.020544	
	2.956000	,	-0.015710	
	2.956000	,	-0.012487	
	2.956000	,	0.030373	
	2.954000	,	-0.025056	
	2.954000	,	-0.029567	
	2.954000	,	0.008460	
	2.954000	,	-0.027956	
	2.952000	,	0.146066	
	2.952000	,	0.021350	
	2.952000	,	0.007493	
	2.952000	,	-0.022800	
	2.950000	,	-0.025056	
	2.950000	,	-0.026345	
	2.950000	,	-0.010232	
	2.950000	,	-0.006687	
	2.948000	,	-0.101432	
	2.948000	,	-0.032790	
	2.948000	,	0.044875	
	2.948000	,	0.142521	
	2.946000	,	-0.046325	
	2.946000	,	-0.057926	
	2.946000	,	-0.158472	
	2.946000	,	-0.066305	
	2.944000	,	-0.060504	
	2.944000	,	0.023928	
	2.944000	,	-0.025700	
	2.944000	,	-0.027634	
	2.942000	,	-0.010554	
	2.942000	,	-0.039557	
	2.942000	,	-0.088219	
	2.942000	,	0.135753	
	2.940000	,	-0.019899	
	2.940000	,	-0.147837	
	2.940000	,	0.005559	
	2.940000	,	-0.037302	
	2.938000	,	-0.025700	
	2.938000	,	-0.020544	
	2.938000	,	0.104494	
	2.938000	,	-0.129468	
	2.936000	,	-0.053092	
	2.936000	,	-0.016354	
	2.936000	,	-0.052770	
	2.936000	,	0.046164	
	2.934000	,	0.099015	
	2.934000	,	-0.008942	
	2.934000	,	-0.045036	
	2.934000	,	-0.035690	
	2.932000	,	-0.033757	
	2.932000	,	-0.030534	
	2.932000	,	0.049709	
	2.932000	,	-0.037302	
	2.930000	,	-0.111744	
	2.930000	,	-0.056315	
	2.930000	,	-0.073073	
	2.930000	,	-0.013454	
	2.928000	,	-0.000886	
	2.928000	,	-0.082096	
	2.928000	,	0.084836	
	2.928000	,	0.043264	
	2.926000	,	-0.014099	
	2.926000	,	-0.026022	
	2.926000	,	-0.082740	
	2.926000	,	-0.044069	
	2.924000	,	0.017161	
	2.924000	,	-0.019255	
	2.924000	,	-0.024411	
	2.924000	,	-0.023122	
	2.922000	,	-0.032790	
	2.922000	,	-0.057926	
	2.922000	,	-0.006042	
	2.922000	,	0.100627	
	2.920000	,	-0.043424	
	2.920000	,	-0.072750	
	2.920000	,	0.004915	
	2.920000	,	-0.054704	
	2.918000	,	-0.021511	
	2.918000	,	-0.288666	
	2.918000	,	-0.031501	
	2.918000	,	-0.061471	
	2.916000	,	-0.013454	
	2.916000	,	-0.013776	
	2.916000	,	0.049065	
	2.916000	,	-0.006042	
	2.914000	,	0.020383	
	2.914000	,	0.028762	
	2.914000	,	-0.002175	
	2.914000	,	-0.050192	
	2.912000	,	-0.106910	
	2.912000	,	-0.041169	
	2.912000	,	0.008137	
	2.912000	,	-0.013776	
	2.910000	,	-0.030212	
	2.910000	,	-0.023444	
	2.910000	,	-0.048581	
	2.910000	,	-0.035368	
	2.908000	,	-0.026022	
	2.908000	,	0.001048	
	2.908000	,	-0.045036	
	2.908000	,	-0.100787	
	2.906000	,	-0.074362	
	2.906000	,	-0.009587	
	2.906000	,	-0.024411	
	2.906000	,	-0.024733	
	2.904000	,	-0.018933	
	2.904000	,	-0.053415	
	2.904000	,	-0.023767	
	2.904000	,	-0.004109	
	2.902000	,	0.025217	
	2.902000	,	-0.025700	
	2.902000	,	-0.314124	
	2.902000	,	-0.048903	
	2.900000	,	-0.019899	
	2.900000	,	-0.052448	
	2.900000	,	-0.012487	
	2.900000	,	-0.048903	
	2.898000	,	0.049065	
	2.898000	,	-0.026989	
	2.898000	,	0.012649	
	2.898000	,	-0.058571	
	2.896000	,	-0.036657	
	2.896000	,	-0.022800	
	2.896000	,	-0.021188	
	2.896000	,	-0.026667	
	2.894000	,	0.120607	
	2.894000	,	-0.019899	
	2.894000	,	-0.021511	
	2.894000	,	-0.000564	
	2.892000	,	-0.037302	
	2.892000	,	-0.074684	
	2.892000	,	0.019739	
	2.892000	,	0.017805	
	2.890000	,	0.084836	
	2.890000	,	-0.031823	
	2.890000	,	0.054221	
	2.890000	,	0.104816	
	2.888000	,	-0.021511	
	2.888000	,	-0.013776	
	2.888000	,	0.046164	
	2.888000	,	0.033596	
	2.886000	,	0.071945	
	2.886000	,	-0.043424	
	2.886000	,	-0.011521	
	2.886000	,	-0.040524	
	2.884000	,	-0.018288	
	2.884000	,	-0.015388	
	2.884000	,	-0.056315	
	2.884000	,	0.008782	
	2.882000	,	-0.026345	
	2.882000	,	0.034241	
	2.882000	,	-0.017966	
	2.882000	,	0.013616	
	2.880000	,	0.016838	
	2.880000	,	-0.055670	
	2.880000	,	0.020706	
	2.880000	,	-0.027634	
	2.878000	,	0.012971	
	2.878000	,	-0.025700	
	2.878000	,	-0.064049	
	2.878000	,	-0.063405	
	2.876000	,	-0.029889	
	2.876000	,	-0.055670	
	2.876000	,	-0.020544	
	2.876000	,	-0.049547	
	2.874000	,	-0.026345	
	2.874000	,	-0.049225	
	2.874000	,	-0.062116	
	2.874000	,	-0.016677	
	2.872000	,	0.019739	
	2.872000	,	-0.024089	
	2.872000	,	-0.082096	
	2.872000	,	-0.057926	
	2.870000	,	-0.011521	
	2.870000	,	-0.032468	
	2.870000	,	0.018772	
	2.870000	,	-0.007653	
	2.868000	,	-0.194888	
	2.868000	,	-0.024089	
	2.868000	,	-0.022800	
	2.868000	,	-0.047614	
	2.866000	,	-0.021188	
	2.866000	,	-0.015065	
	2.866000	,	0.004270	
	2.866000	,	-0.017966	
	2.864000	,	-0.219702	
	2.864000	,	-0.055026	
	2.864000	,	-0.019899	
	2.864000	,	0.000081	
	2.862000	,	0.067111	
	2.862000	,	-0.170718	
	2.862000	,	-0.038591	
	2.862000	,	-0.027634	
	2.860000	,	-0.003464	
	2.860000	,	-0.053737	
	2.860000	,	0.105783	
	2.860000	,	-0.125924	
	2.858000	,	-0.027311	
	2.858000	,	-0.024411	
	2.858000	,	0.021028	
	2.858000	,	0.021028	
	2.856000	,	-0.004753	
	2.856000	,	-0.032790	
	2.856000	,	-0.056637	
	2.856000	,	0.013938	
	2.854000	,	0.005237	
	2.854000	,	-0.017966	
	2.854000	,	-0.000241	
	2.854000	,	-0.045680	
	2.852000	,	0.034241	
	2.852000	,	0.034563	
	2.852000	,	-0.042135	
	2.852000	,	0.043908	
	2.850000	,	-0.034723	
	2.850000	,	0.089992	
	2.850000	,	0.219864	
	2.850000	,	-0.031823	
	2.848000	,	-0.021188	
	2.848000	,	-0.003786	
	2.848000	,	0.002659	
	2.848000	,	-0.023767	
	2.846000	,	-0.025700	
	2.846000	,	-0.021833	
	2.846000	,	-0.090475	
	2.846000	,	-0.021188	
	2.844000	,	-0.016677	
	2.844000	,	0.033596	
	2.844000	,	-0.024733	
	2.844000	,	-0.032790	
	2.842000	,	0.399686	
	2.842000	,	-0.107232	
	2.842000	,	-0.046325	
	2.842000	,	-0.016677	
	2.840000	,	-0.024089	
	2.840000	,	-0.022155	
	2.840000	,	-0.018288	
	2.840000	,	-0.026667	
	2.838000	,	-0.045680	
	2.838000	,	-0.015065	
	2.838000	,	-0.015065	
	2.838000	,	-0.047292	
	2.836000	,	-0.019899	
	2.836000	,	-0.031823	
	2.836000	,	-0.018610	
	2.836000	,	-0.014099	
	2.834000	,	-0.028600	
	2.834000	,	-0.021511	
	2.834000	,	-0.022800	
	2.834000	,	0.023606	
	2.832000	,	-0.057926	
	2.832000	,	-0.015065	
	2.832000	,	-0.159761	
	2.832000	,	0.041653	
	2.830000	,	-0.051159	
	2.830000	,	0.041975	
	2.830000	,	0.023606	
	2.830000	,	-0.021188	
	2.828000	,	0.100304	
	2.828000	,	0.002659	
	2.828000	,	-0.027634	
	2.828000	,	0.065500	
	2.826000	,	-0.028600	
	2.826000	,	-0.034723	
	2.826000	,	-0.047292	
	2.826000	,	-0.025700	
	2.824000	,	-0.088219	
	2.824000	,	-0.023767	
	2.824000	,	-0.021833	
	2.824000	,	-0.034723	
	2.822000	,	-0.024411	
	2.822000	,	0.009749	
	2.822000	,	-0.010876	
	2.822000	,	0.003948	
	2.820000	,	-0.016999	
	2.820000	,	-0.007976	
	2.820000	,	-0.026989	
	2.820000	,	-0.082740	
	2.818000	,	-0.007009	
	2.818000	,	-0.036657	
	2.818000	,	0.138976	
	2.818000	,	-0.021511	
	2.816000	,	-0.034723	
	2.816000	,	-0.013776	
	2.816000	,	-0.034401	
	2.816000	,	0.028440	
	2.814000	,	-0.024411	
	2.814000	,	-0.087252	
	2.814000	,	-0.025700	
	2.814000	,	0.073234	
	2.812000	,	-0.015710	
	2.812000	,	-0.026667	
	2.812000	,	-0.032468	
	2.812000	,	-0.020866	
	2.810000	,	0.043908	
	2.810000	,	0.032952	
	2.810000	,	0.009426	
	2.810000	,	-0.019577	
	2.808000	,	-0.018933	
	2.808000	,	-0.072750	
	2.808000	,	-0.036979	
	2.808000	,	-0.026989	
	2.806000	,	-0.054381	
	2.806000	,	-0.016999	
	2.806000	,	-0.186509	
	2.806000	,	-0.019577	
	2.804000	,	0.012649	
	2.804000	,	0.024895	
	2.804000	,	-0.019255	
	2.804000	,	0.028762	
	2.802000	,	-0.051481	
	2.802000	,	-0.029889	
	2.802000	,	-0.004431	
	2.802000	,	-0.034723	
	2.800000	,	-0.095309	
	2.800000	,	-0.073717	
	2.800000	,	0.036819	
	2.800000	,	0.027795	
	2.798000	,	0.031018	
	2.798000	,	0.035530	
	2.798000	,	-0.056959	
	2.798000	,	-0.004753	
	2.796000	,	-0.065016	
	2.796000	,	0.130275	
	2.796000	,	-0.012165	
	2.796000	,	-0.030534	
	2.794000	,	-0.025378	
	2.794000	,	-0.012165	
	2.794000	,	-0.036979	
	2.794000	,	-0.067272	
	2.792000	,	0.068400	
	2.792000	,	-0.021511	
	2.792000	,	-0.001530	
	2.792000	,	-0.021511	
	2.790000	,	-0.020222	
	2.790000	,	-0.027634	
	2.790000	,	-0.021511	
	2.790000	,	0.010393	
	2.788000	,	-0.040524	
	2.788000	,	0.012005	
	2.788000	,	-0.096920	
	2.788000	,	0.001048	
	2.786000	,	0.068078	
	2.786000	,	0.030696	
	2.786000	,	-0.046325	
	2.786000	,	-0.024733	
	2.784000	,	-0.037946	
	2.784000	,	-0.018933	
	2.784000	,	0.113839	
	2.784000	,	-0.034079	
	2.782000	,	-0.093375	
	2.782000	,	0.211163	
	2.782000	,	0.005237	
	2.782000	,	0.022961	
	2.780000	,	0.017161	
	2.780000	,	-0.063082	
	2.780000	,	0.022961	
	2.780000	,	-0.022477	
	2.778000	,	-0.014421	
	2.778000	,	-0.023122	
	2.778000	,	-0.051481	
	2.778000	,	-0.045358	
	2.776000	,	0.016516	
	2.776000	,	-0.037946	
	2.776000	,	0.081291	
	2.776000	,	0.031340	
	2.774000	,	-0.012165	
	2.774000	,	0.133497	
	2.774000	,	-0.019899	
	2.774000	,	0.012005	
	2.772000	,	0.032307	
	2.772000	,	-0.006687	
	2.772000	,	0.108683	
	2.772000	,	-0.217768	
	2.770000	,	-0.030534	
	2.770000	,	-0.021833	
	2.770000	,	-0.007009	
	2.770000	,	-0.017321	
	2.768000	,	0.011038	
	2.768000	,	0.054543	
	2.768000	,	-0.092086	
	2.768000	,	-0.028600	
	2.766000	,	-0.029889	
	2.766000	,	-0.018610	
	2.766000	,	-0.054381	
	2.766000	,	-0.018610	
	2.764000	,	-0.019577	
	2.764000	,	0.022317	
	2.764000	,	0.008137	
	2.764000	,	-0.243549	
	2.762000	,	0.002337	
	2.762000	,	0.013294	
	2.762000	,	-0.007009	
	2.762000	,	0.022317	
	2.760000	,	-0.066950	
	2.760000	,	-0.003786	
	2.760000	,	-0.048903	
	2.760000	,	-0.016999	
	2.758000	,	-0.081774	
	2.758000	,	0.039719	
	2.758000	,	-0.010876	
	2.758000	,	-0.004753	
	2.756000	,	-0.009587	
	2.756000	,	-0.044714	
	2.756000	,	-0.101109	
	2.756000	,	-0.054381	
	2.754000	,	-0.050837	
	2.754000	,	-0.057282	
	2.754000	,	-0.031501	
	2.754000	,	-0.032790	
	2.752000	,	-0.077584	
	2.752000	,	-0.012487	
	2.752000	,	-0.008942	
	2.752000	,	-0.021511	
	2.750000	,	-0.007976	
	2.750000	,	-0.084352	
	2.750000	,	0.056799	
	2.750000	,	0.072912	
	2.748000	,	-0.045358	
	2.748000	,	-0.041813	
	2.748000	,	0.004270	
	2.748000	,	0.170235	
	2.746000	,	0.030373	
	2.746000	,	0.019739	
	2.746000	,	0.006526	
	2.746000	,	0.017805	
	2.744000	,	-0.010232	
	2.744000	,	0.033918	
	2.744000	,	0.138976	
	2.744000	,	0.112228	
	2.742000	,	0.080002	
	2.742000	,	0.196338	
	2.742000	,	0.211485	
	2.742000	,	0.348769	
	2.740000	,	0.463816	
	2.740000	,	0.584343	
	2.740000	,	0.852144	
	2.740000	,	0.965258	
	2.738000	,	1.262708	
	2.738000	,	1.477981	
	2.738000	,	1.795090	
	2.738000	,	2.391284	
	2.736000	,	2.774139	
	2.736000	,	3.127668	
	2.736000	,	3.587549	
	2.736000	,	3.899186	
	2.734000	,	4.163450	
	2.734000	,	4.245308	
	2.734000	,	4.160228	
	2.734000	,	3.909177	
	2.732000	,	3.766410	
	2.732000	,	3.346168	
	2.732000	,	2.821835	
	2.732000	,	2.213392	
	2.730000	,	1.620100	
	2.730000	,	0.984594	
	2.730000	,	0.140909	
	2.730000	,	-0.350862	
	2.728000	,	-0.958646	
	2.728000	,	-1.407555	
	2.728000	,	-1.896100	
	2.728000	,	-2.074310	
	2.726000	,	-2.196124	
	2.726000	,	-2.055619	
	2.726000	,	-2.122649	
	2.726000	,	-1.940250	
	2.724000	,	-1.740127	
	2.724000	,	-1.552571	
	2.724000	,	-1.353415	
	2.724000	,	-1.196152	
	2.722000	,	-1.016975	
	2.722000	,	-0.909985	
	2.722000	,	-0.856812	
	2.722000	,	-0.736286	
	2.720000	,	-0.725974	
	2.720000	,	-0.714050	
	2.720000	,	-0.775280	
	2.720000	,	-0.800738	
	2.718000	,	-0.852945	
	2.718000	,	-0.885171	
	2.718000	,	-0.894516	
	2.718000	,	-0.948334	
	2.716000	,	-0.914819	
	2.716000	,	-0.907084	
	2.716000	,	-0.928676	
	2.716000	,	-0.919330	
	2.714000	,	-0.874858	
	2.714000	,	-0.916108	
	2.714000	,	-0.865513	
	2.714000	,	-0.852622	
	2.712000	,	-0.863579	
	2.712000	,	-0.890649	
	2.712000	,	-0.893227	
	2.712000	,	-0.813951	
	2.710000	,	-0.921586	
	2.710000	,	-0.870024	
	2.710000	,	-0.883237	
	2.710000	,	-0.899028	
	2.708000	,	-0.900961	
	2.708000	,	-0.742087	
	2.708000	,	-0.868091	
	2.708000	,	-0.831998	
	2.706000	,	-0.785914	
	2.706000	,	-0.752722	
	2.706000	,	-0.705672	
	2.706000	,	-0.729841	
	2.704000	,	-0.568711	
	2.704000	,	-0.708572	
	2.704000	,	-0.501036	
	2.704000	,	-0.437228	
	2.702000	,	-0.625106	
	2.702000	,	-0.249672	
	2.702000	,	-0.213901	
	2.702000	,	-0.094664	
	2.700000	,	-0.149449	
	2.700000	,	-0.108199	
	2.700000	,	-0.123990	
	2.700000	,	-0.057926	
	2.698000	,	-0.308324	
	2.698000	,	-0.046647	
	2.698000	,	-0.033112	
	2.698000	,	-0.031823	
	2.696000	,	-0.065661	
	2.696000	,	0.122218	
	2.696000	,	-0.009909	
	2.696000	,	-0.046325	
	2.694000	,	-0.017321	
	2.694000	,	-0.011843	
	2.694000	,	-0.024411	
	2.694000	,	-0.037302	
	2.692000	,	0.078713	
	2.692000	,	-0.192632	
	2.692000	,	-0.118511	
	2.692000	,	-0.002819	
	2.690000	,	0.009749	
	2.690000	,	-0.046647	
	2.690000	,	0.081613	
	2.690000	,	-0.287699	
	2.688000	,	-0.026345	
	2.688000	,	-0.007976	
	2.688000	,	0.097082	
	2.688000	,	-0.011521	
	2.686000	,	-0.042458	
	2.686000	,	0.137364	
	2.686000	,	-0.031501	
	2.686000	,	-0.079518	
	2.684000	,	0.021995	
	2.684000	,	-0.042135	
	2.684000	,	0.018128	
	2.684000	,	-0.143003	
	2.682000	,	-0.106910	
	2.682000	,	-0.026022	
	2.682000	,	-0.018288	
	2.682000	,	0.056799	
	2.680000	,	-0.023444	
	2.680000	,	-0.073395	
	2.680000	,	0.078713	
	2.680000	,	-0.057926	
	2.678000	,	-0.058571	
	2.678000	,	-0.023444	
	2.678000	,	-0.004753	
	2.678000	,	-0.016354	
	2.676000	,	-0.031823	
	2.676000	,	-0.023767	
	2.676000	,	-0.026345	
	2.676000	,	-0.017966	
	2.674000	,	-0.029567	
	2.674000	,	-0.022477	
	2.674000	,	-0.050514	
	2.674000	,	-0.022477	
	2.672000	,	-0.110133	
	2.672000	,	-0.048903	
	2.672000	,	-0.027634	
	2.672000	,	0.026506	
	2.670000	,	-0.025378	
	2.670000	,	0.074846	
	2.670000	,	-0.024411	
	2.670000	,	-0.006042	
	2.668000	,	-0.034723	
	2.668000	,	0.012327	
	2.668000	,	-0.105943	
	2.668000	,	-0.123345	
	2.666000	,	-0.076295	
	2.666000	,	-0.012165	
	2.666000	,	-0.019577	
	2.666000	,	-0.006042	
	2.664000	,	-0.041491	
	2.664000	,	0.012327	
	2.664000	,	-0.018610	
	2.664000	,	-0.088863	
	2.662000	,	-0.038913	
	2.662000	,	-0.033112	
	2.662000	,	-0.045358	
	2.662000	,	0.005237	
	2.660000	,	-0.039880	
	2.660000	,	-0.029567	
	2.660000	,	-0.026667	
	2.660000	,	-0.006042	
	2.658000	,	0.013616	
	2.658000	,	0.009749	
	2.658000	,	-0.004753	
	2.658000	,	0.031663	
	2.656000	,	-0.007331	
	2.656000	,	0.078068	
	2.656000	,	-0.036012	
	2.656000	,	0.108361	
	2.654000	,	0.000403	
	2.654000	,	-0.010876	
	2.654000	,	-0.026345	
	2.654000	,	0.017161	
	2.652000	,	-0.033434	
	2.652000	,	0.083224	
	2.652000	,	-0.018288	
	2.652000	,	-0.015710	
	2.650000	,	-0.025378	
	2.650000	,	-0.034079	
	2.650000	,	-0.032145	
	2.650000	,	0.002337	
	2.648000	,	-0.061149	
	2.648000	,	-0.000886	
	2.648000	,	-0.008298	
	2.648000	,	-0.005720	
	2.646000	,	0.079680	
	2.646000	,	-0.017966	
	2.646000	,	-0.033757	
	2.646000	,	0.032952	
	2.644000	,	-0.021511	
	2.644000	,	0.050031	
	2.644000	,	-0.026345	
	2.644000	,	-0.025056	
	2.642000	,	0.044875	
	2.642000	,	-0.012165	
	2.642000	,	-0.025056	
	2.642000	,	-0.010876	
	2.640000	,	-0.022800	
	2.640000	,	-0.040524	
	2.640000	,	-0.098854	
	2.640000	,	-0.023444	
	2.638000	,	-0.029567	
	2.638000	,	-0.021188	
	2.638000	,	-0.022155	
	2.638000	,	-0.046003	
	2.636000	,	-0.036979	
	2.636000	,	-0.029245	
	2.636000	,	-0.164273	
	2.636000	,	-0.053092	
	2.634000	,	-0.012165	
	2.634000	,	0.020706	
	2.634000	,	-0.004431	
	2.634000	,	-0.021511	
	2.632000	,	-0.031179	
	2.632000	,	-0.012810	
	2.632000	,	-0.033112	
	2.632000	,	-0.041491	
	2.630000	,	0.019739	
	2.630000	,	0.207618	
	2.630000	,	-0.065983	
	2.630000	,	-0.011843	
	2.628000	,	-0.025700	
	2.628000	,	-0.022800	
	2.628000	,	-0.018288	
	2.628000	,	-0.075651	
	2.626000	,	-0.044391	
	2.626000	,	-0.044069	
	2.626000	,	0.012005	
	2.626000	,	-0.088219	
	2.624000	,	-0.011843	
	2.624000	,	-0.208745	
	2.624000	,	-0.060182	
	2.624000	,	-0.028600	
	2.622000	,	-0.027311	
	2.622000	,	-0.048903	
	2.622000	,	-0.041491	
	2.622000	,	0.024895	
	2.620000	,	-0.151382	
	2.620000	,	0.023606	
	2.620000	,	0.016194	
	2.620000	,	-0.032468	
	2.618000	,	-0.040846	
	2.618000	,	-0.079518	
	2.618000	,	0.346513	
	2.618000	,	-0.027634	
	2.616000	,	-0.020544	
	2.616000	,	0.013616	
	2.616000	,	-0.034723	
	2.616000	,	-0.023122	
	2.614000	,	-0.041813	
	2.614000	,	-0.146548	
	2.614000	,	-0.020544	
	2.614000	,	-0.042780	
	2.612000	,	-0.036335	
	2.612000	,	-0.045036	
	2.612000	,	-0.097887	
	2.612000	,	-0.065338	
	2.610000	,	0.024895	
	2.610000	,	-0.027311	
	2.610000	,	-0.006687	
	2.610000	,	-0.002819	
	2.608000	,	-0.063082	
	2.608000	,	0.002981	
	2.608000	,	-0.025378	
	2.608000	,	-0.044391	
	2.606000	,	-0.046969	
	2.606000	,	-0.022155	
	2.606000	,	0.086769	
	2.606000	,	-0.086285	
	2.604000	,	-0.018933	
	2.604000	,	-0.024733	
	2.604000	,	-0.023122	
	2.604000	,	-0.046969	
	2.602000	,	-0.027956	
	2.602000	,	0.036819	
	2.602000	,	-0.041169	
	2.602000	,	0.033918	
	2.600000	,	-0.027956	
	2.600000	,	-0.021511	
	2.600000	,	-0.048258	
	2.600000	,	-0.007331	
	2.598000	,	-0.013132	
	2.598000	,	-0.026989	
	2.598000	,	-0.035046	
	2.598000	,	-0.038913	
	2.596000	,	0.012971	
	2.596000	,	0.010071	
	2.596000	,	0.113839	
	2.596000	,	-0.077262	
	2.594000	,	-0.027311	
	2.594000	,	-0.021188	
	2.594000	,	-0.027311	
	2.594000	,	-0.017321	
	2.592000	,	-0.018288	
	2.592000	,	-0.025378	
	2.592000	,	-0.094020	
	2.592000	,	-0.033434	
	2.590000	,	-0.033757	
	2.590000	,	-0.160406	
	2.590000	,	-0.088219	
	2.590000	,	-0.020866	
	2.588000	,	0.016516	
	2.588000	,	-0.178130	
	2.588000	,	-0.006364	
	2.588000	,	0.046809	
	2.586000	,	-0.020866	
	2.586000	,	0.015549	
	2.586000	,	-0.001853	
	2.586000	,	0.030051	
	2.584000	,	-0.035368	
	2.584000	,	-0.043424	
	2.584000	,	-0.066950	
	2.584000	,	-0.016354	
	2.582000	,	-0.214868	
	2.582000	,	0.028440	
	2.582000	,	-0.050837	
	2.582000	,	-0.023444	
	2.580000	,	-0.014099	
	2.580000	,	-0.021511	
	2.580000	,	-0.051803	
	2.580000	,	-0.227758	
	2.578000	,	-0.028923	
	2.578000	,	-0.059538	
	2.578000	,	-0.067916	
	2.578000	,	0.012327	
	2.576000	,	-0.027311	
	2.576000	,	-0.026345	
	2.576000	,	-0.051803	
	2.576000	,	0.002337	
	2.574000	,	-0.018933	
	2.574000	,	-0.028923	
	2.574000	,	-0.029567	
	2.574000	,	-0.031179	
	2.572000	,	-0.025378	
	2.572000	,	-0.025700	
	2.572000	,	-0.023444	
	2.572000	,	0.068078	
	2.570000	,	-0.029245	
	2.570000	,	-0.036335	
	2.570000	,	-0.023122	
	2.570000	,	-0.053415	
	2.568000	,	-0.049225	
	2.568000	,	-0.069205	
	2.568000	,	0.053254	
	2.568000	,	-0.012165	
	2.566000	,	-0.012810	
	2.566000	,	-0.007009	
	2.566000	,	0.038430	
	2.566000	,	-0.041491	
	2.564000	,	-0.080807	
	2.564000	,	0.018450	
	2.564000	,	-0.007331	
	2.564000	,	-0.043102	
	2.562000	,	-0.053737	
	2.562000	,	0.020061	
	2.562000	,	0.041008	
	2.562000	,	-0.018610	
	2.560000	,	-0.022155	
	2.560000	,	-0.022155	
	2.560000	,	-0.022155	
	2.560000	,	-0.032790	
	2.558000	,	-0.084674	
	2.558000	,	-0.016677	
	2.558000	,	-0.048258	
	2.558000	,	-0.037624	
	2.556000	,	-0.016999	
	2.556000	,	-0.063405	
	2.556000	,	-0.088541	
	2.556000	,	-0.035690	
	2.554000	,	0.002337	
	2.554000	,	0.000403	
	2.554000	,	-0.031823	
	2.554000	,	-0.044069	
	2.552000	,	-0.044714	
	2.552000	,	-0.044069	
	2.552000	,	-0.030534	
	2.552000	,	-0.064049	
	2.550000	,	-0.033434	
	2.550000	,	-0.021511	
	2.550000	,	-0.020544	
	2.550000	,	-0.004109	
	2.548000	,	-0.072750	
	2.548000	,	0.033596	
	2.548000	,	0.090636	
	2.548000	,	-0.003786	
	2.546000	,	0.035530	
	2.546000	,	-0.030212	
	2.546000	,	-0.007976	
	2.546000	,	0.410643	
	2.544000	,	0.016838	
	2.544000	,	-0.023767	
	2.544000	,	-0.080162	
	2.544000	,	-0.113678	
	2.542000	,	-0.026345	
	2.542000	,	0.040686	
	2.542000	,	-0.001208	
	2.542000	,	-0.028600	
	2.540000	,	-0.043102	
	2.540000	,	-0.100465	
	2.540000	,	-0.024089	
	2.540000	,	-0.042780	
	2.538000	,	-0.055348	
	2.538000	,	-0.100465	
	2.538000	,	-0.055670	
	2.538000	,	-0.214545	
	2.536000	,	0.128019	
	2.536000	,	-0.033757	
	2.536000	,	0.087736	
	2.536000	,	-0.027311	
	2.534000	,	-0.042135	
	2.534000	,	-0.178130	
	2.534000	,	-0.043424	
	2.534000	,	-0.017966	
	2.532000	,	-0.027311	
	2.532000	,	-0.029245	
	2.532000	,	-0.020222	
	2.532000	,	0.148321	
	2.530000	,	0.022317	
	2.530000	,	-0.104010	
	2.530000	,	0.096115	
	2.530000	,	-0.010876	
	2.528000	,	-0.022800	
	2.528000	,	-0.136236	
	2.528000	,	-0.072106	
	2.528000	,	0.038108	
	2.526000	,	-0.096920	
	2.526000	,	-0.003786	
	2.526000	,	-0.176196	
	2.526000	,	0.036496	
	2.524000	,	-0.009587	
	2.524000	,	0.015872	
	2.524000	,	-0.018933	
	2.524000	,	-0.020866	
	2.522000	,	-0.024733	
	2.522000	,	-0.009587	
	2.522000	,	0.027473	
	2.522000	,	-0.063405	
	2.520000	,	-0.066305	
	2.520000	,	-0.029567	
	2.520000	,	-0.033757	
	2.520000	,	-0.082740	
	2.518000	,	0.012005	
	2.518000	,	-0.025378	
	2.518000	,	-0.011198	
	2.518000	,	-0.034401	
	2.516000	,	-0.003142	
	2.516000	,	-0.019255	
	2.516000	,	-0.018610	
	2.516000	,	-0.029567	
	2.514000	,	-0.027634	
	2.514000	,	-0.019899	
	2.514000	,	-0.141714	
	2.514000	,	-0.038591	
	2.512000	,	0.028762	
	2.512000	,	-0.018288	
	2.512000	,	-0.026345	
	2.512000	,	-0.036012	
	2.510000	,	0.165079	
	2.510000	,	-0.146226	
	2.510000	,	-0.059215	
	2.510000	,	-0.021833	
	2.508000	,	0.003948	
	2.508000	,	0.002014	
	2.508000	,	-0.062760	
	2.508000	,	-0.093375	
	2.506000	,	-0.196177	
	2.506000	,	-0.001853	
	2.506000	,	-0.017966	
	2.506000	,	-0.043102	
	2.504000	,	0.041008	
	2.504000	,	-0.043424	
	2.504000	,	-0.026667	
	2.504000	,	-0.064372	
	2.502000	,	-0.130757	
	2.502000	,	-0.025056	
	2.502000	,	-0.020222	
	2.502000	,	-0.032468	
	2.500000	,	0.006204	
	2.500000	,	-0.052448	
	2.500000	,	-0.005075	
	2.500000	,	-0.029567	
	2.498000	,	-0.031501	
	2.498000	,	-0.057926	
	2.498000	,	-0.060504	
	2.498000	,	0.060022	
	2.496000	,	-0.052770	
	2.496000	,	-0.023122	
	2.496000	,	-0.055348	
	2.496000	,	-0.003142	
	2.494000	,	-0.025378	
	2.494000	,	-0.027634	
	2.494000	,	-0.052770	
	2.494000	,	-0.063082	
	2.492000	,	0.024895	
	2.492000	,	0.043586	
	2.492000	,	-0.031501	
	2.492000	,	-0.023767	
	2.490000	,	-0.012487	
	2.490000	,	-0.078551	
	2.490000	,	-0.011521	
	2.490000	,	-0.022800	
	2.488000	,	0.135109	
	2.488000	,	0.011682	
	2.488000	,	-0.004109	
	2.488000	,	-0.184897	
	2.486000	,	-0.020866	
	2.486000	,	-0.024411	
	2.486000	,	-0.022155	
	2.486000	,	-0.006364	
	2.484000	,	-0.022477	
	2.484000	,	-0.038913	
	2.484000	,	-0.106266	
	2.484000	,	-0.017644	
	2.482000	,	-0.080807	
	2.482000	,	-0.036657	
	2.482000	,	0.015227	
	2.482000	,	-0.024411	
	2.480000	,	-0.106588	
	2.480000	,	-0.006364	
	2.480000	,	-0.036335	
	2.480000	,	0.168946	
	2.478000	,	-0.030534	
	2.478000	,	-0.038268	
	2.478000	,	-0.017966	
	2.478000	,	0.017805	
	2.476000	,	0.032952	
	2.476000	,	-0.026989	
	2.476000	,	-0.031823	
	2.476000	,	-0.000886	
	2.474000	,	-0.001208	
	2.474000	,	0.071301	
	2.474000	,	-0.169429	
	2.474000	,	-0.025700	
	2.472000	,	-0.069528	
	2.472000	,	-0.093053	
	2.472000	,	0.005237	
	2.472000	,	0.001370	
	2.470000	,	-0.023444	
	2.470000	,	-0.019899	
	2.470000	,	-0.021833	
	2.470000	,	-0.027311	
	2.468000	,	0.130275	
	2.468000	,	0.014260	
	2.468000	,	-0.025378	
	2.468000	,	0.022639	
	2.466000	,	-0.053415	
	2.466000	,	-0.016354	
	2.466000	,	0.126730	
	2.466000	,	-0.021833	
	2.464000	,	-0.034079	
	2.464000	,	0.000081	
	2.464000	,	-0.038913	
	2.464000	,	0.033274	
	2.462000	,	-0.027634	
	2.462000	,	-0.025700	
	2.462000	,	-0.011521	
	2.462000	,	-0.014743	
	2.460000	,	0.123829	
	2.460000	,	0.030696	
	2.460000	,	-0.027634	
	2.460000	,	-0.009587	
	2.458000	,	-0.041169	
	2.458000	,	-0.005075	
	2.458000	,	-0.036012	
	2.458000	,	0.057121	
	2.456000	,	-0.027634	
	2.456000	,	-0.061471	
	2.456000	,	-0.059538	
	2.456000	,	-0.040202	
	2.454000	,	-0.011198	
	2.454000	,	0.007493	
	2.454000	,	-0.025700	
	2.454000	,	0.008460	
	2.452000	,	-0.051159	
	2.452000	,	-0.010232	
	2.452000	,	0.185382	
	2.452000	,	-0.021188	
	2.450000	,	-0.009587	
	2.450000	,	0.033274	
	2.450000	,	0.016516	
	2.450000	,	-0.200044	
	2.448000	,	-0.026667	
	2.448000	,	-0.006042	
	2.448000	,	-0.017644	
	2.448000	,	-0.031823	
	2.446000	,	0.008137	
	2.446000	,	-0.039235	
	2.446000	,	-0.061471	
	2.446000	,	-0.031179	
	2.444000	,	-0.003786	
	2.444000	,	-0.127857	
	2.444000	,	-0.033757	
	2.444000	,	-0.022477	
	2.442000	,	-0.036335	
	2.442000	,	-0.034723	
	2.442000	,	-0.028600	
	2.442000	,	-0.020866	
	2.440000	,	0.052610	
	2.440000	,	0.011682	
	2.440000	,	-0.015710	
	2.440000	,	0.003303	
	2.438000	,	-0.020544	
	2.438000	,	-0.044069	
	2.438000	,	-0.032468	
	2.438000	,	-0.016032	
	2.436000	,	-0.001853	
	2.436000	,	-0.017966	
	2.436000	,	-0.041813	
	2.436000	,	-0.053737	
	2.434000	,	-0.050837	
	2.434000	,	0.038108	
	2.434000	,	-0.058571	
	2.434000	,	-0.008620	
	2.432000	,	-0.030212	
	2.432000	,	-0.033112	
	2.432000	,	-0.029567	
	2.432000	,	-0.041813	
	2.430000	,	0.002337	
	2.430000	,	-0.017644	
	2.430000	,	-0.027311	
	2.430000	,	-0.083385	
	2.428000	,	-0.105621	
	2.428000	,	-0.003786	
	2.428000	,	0.117384	
	2.428000	,	0.362304	
	2.426000	,	-0.024733	
	2.426000	,	-0.037302	
	2.426000	,	0.010071	
	2.426000	,	0.025217	
	2.424000	,	0.000725	
	2.424000	,	-0.044069	
	2.424000	,	-0.150415	
	2.424000	,	-0.001853	
	2.422000	,	-0.045358	
	2.422000	,	0.065178	
	2.422000	,	0.060022	
	2.422000	,	-0.024733	
	2.420000	,	-0.030534	
	2.420000	,	-0.037946	
	2.420000	,	-0.055348	
	2.420000	,	-0.066305	
	2.418000	,	0.021995	
	2.418000	,	-0.069528	
	2.418000	,	-0.025700	
	2.418000	,	0.016838	
	2.416000	,	-0.022800	
	2.416000	,	-0.037624	
	2.416000	,	-0.008620	
	2.416000	,	-0.021833	
	2.414000	,	-0.029889	
	2.414000	,	-0.029245	
	2.414000	,	0.004915	
	2.414000	,	-0.020544	
	2.412000	,	0.093537	
	2.412000	,	-0.016677	
	2.412000	,	-0.065016	
	2.412000	,	0.010071	
	2.410000	,	-0.095631	
	2.410000	,	-0.055993	
	2.410000	,	-0.023122	
	2.410000	,	0.010393	
	2.408000	,	-0.026989	
	2.408000	,	-0.050837	
	2.408000	,	0.089025	
	2.408000	,	-0.003786	
	2.406000	,	0.002014	
	2.406000	,	-0.012487	
	2.406000	,	-0.018610	
	2.406000	,	0.018450	
	2.404000	,	-0.021511	
	2.404000	,	-0.025056	
	2.404000	,	-0.068883	
	2.404000	,	-0.021833	
	2.402000	,	0.002337	
	2.402000	,	-0.021511	
	2.402000	,	-0.178452	
	2.402000	,	-0.012165	
	2.400000	,	-0.035690	
	2.400000	,	-0.027634	
	2.400000	,	0.023284	
	2.400000	,	0.116417	
	2.398000	,	0.012649	
	2.398000	,	0.025540	
	2.398000	,	-0.014421	
	2.398000	,	0.011360	
	2.396000	,	-0.059538	
	2.396000	,	-0.048581	
	2.396000	,	-0.000886	
	2.396000	,	-0.023444	
	2.394000	,	0.054221	
	2.394000	,	-0.002819	
	2.394000	,	-0.002819	
	2.394000	,	-0.036657	
	2.392000	,	0.000403	
	2.392000	,	-0.008620	
	2.392000	,	0.027151	
	2.392000	,	-0.028278	
	2.390000	,	-0.002175	
	2.390000	,	-0.144937	
	2.390000	,	-0.036012	
	2.390000	,	-0.000564	
	2.388000	,	-0.086285	
	2.388000	,	0.000725	
	2.388000	,	-0.044391	
	2.388000	,	0.033596	
	2.386000	,	0.028762	
	2.386000	,	-0.060182	
	2.386000	,	-0.094986	
	2.386000	,	-0.019255	
	2.384000	,	0.026829	
	2.384000	,	-0.009587	
	2.384000	,	-0.052126	
	2.384000	,	-0.026345	
	2.382000	,	-0.017966	
	2.382000	,	-0.047614	
	2.382000	,	-0.060827	
	2.382000	,	-0.026345	
	2.380000	,	-0.090797	
	2.380000	,	0.031985	
	2.380000	,	0.023606	
	2.380000	,	0.042297	
	2.378000	,	0.012649	
	2.378000	,	0.021672	
	2.378000	,	-0.003786	
	2.378000	,	-0.014421	
	2.376000	,	0.101916	
	2.376000	,	-0.011198	
	2.376000	,	-0.035690	
	2.376000	,	-0.042780	
	2.374000	,	-0.010876	
	2.374000	,	-0.105943	
	2.374000	,	-0.023122	
	2.374000	,	-0.021511	
	2.372000	,	-0.009909	
	2.372000	,	-0.034723	
	2.372000	,	-0.014743	
	2.372000	,	-0.007331	
	2.370000	,	0.034241	
	2.370000	,	-0.025700	
	2.370000	,	-0.082418	
	2.370000	,	0.049387	
	2.368000	,	0.051321	
	2.368000	,	-0.060182	
	2.368000	,	-0.022155	
	2.368000	,	-0.014743	
	2.366000	,	-0.009265	
	2.366000	,	-0.025056	
	2.366000	,	-0.012810	
	2.366000	,	-0.025378	
	2.364000	,	-0.089830	
	2.364000	,	0.085158	
	2.364000	,	-0.059538	
	2.364000	,	-0.048581	
	2.362000	,	-0.006042	
	2.362000	,	0.093537	
	2.362000	,	-0.036335	
	2.362000	,	0.020706	
	2.360000	,	-0.024411	
	2.360000	,	-0.036335	
	2.360000	,	-0.081774	
	2.360000	,	-0.099176	
	2.358000	,	-0.039235	
	2.358000	,	-0.075006	
	2.358000	,	-0.028278	
	2.358000	,	0.017483	
	2.356000	,	-0.029245	
	2.356000	,	-0.130435	
	2.356000	,	0.008782	
	2.356000	,	-0.061149	
	2.354000	,	-0.262562	
	2.354000	,	0.000403	
	2.354000	,	-0.076617	
	2.354000	,	-0.029889	
	2.352000	,	-0.002819	
	2.352000	,	-0.022800	
	2.352000	,	0.173458	
	2.352000	,	-0.013776	
	2.350000	,	-0.011843	
	2.350000	,	0.042942	
	2.350000	,	-0.013776	
	2.350000	,	-0.027634	
	2.348000	,	-0.045680	
	2.348000	,	-0.060827	
	2.348000	,	0.038430	
	2.348000	,	-0.024411	
	2.346000	,	-0.040202	
	2.346000	,	0.072590	
	2.346000	,	-0.055670	
	2.346000	,	-0.000886	
	2.344000	,	-0.017644	
	2.344000	,	-0.021511	
	2.344000	,	-0.068883	
	2.344000	,	-0.041169	
	2.342000	,	0.016516	
	2.342000	,	-0.012810	
	2.342000	,	0.017483	
	2.342000	,	-0.021511	
	2.340000	,	-0.257729	
	2.340000	,	-0.017644	
	2.340000	,	-0.090152	
	2.340000	,	-0.036335	
	2.338000	,	-0.047614	
	2.338000	,	0.038430	
	2.338000	,	-0.037302	
	2.338000	,	-0.032468	
	2.336000	,	0.042297	
	2.336000	,	-0.037624	
	2.336000	,	-0.026022	
	2.336000	,	0.101593	
	2.334000	,	-0.031179	
	2.334000	,	-0.077907	
	2.334000	,	-0.003786	
	2.334000	,	-0.030212	
	2.332000	,	-0.006364	
	2.332000	,	0.029729	
	2.332000	,	-0.006042	
	2.332000	,	0.021672	
	2.330000	,	-0.054059	
	2.330000	,	-0.027634	
	2.330000	,	-0.030856	
	2.330000	,	0.011360	
	2.328000	,	-0.033757	
	2.328000	,	-0.036012	
	2.328000	,	-0.014743	
	2.328000	,	-0.012487	
	2.326000	,	-0.003464	
	2.326000	,	-0.000564	
	2.326000	,	-0.014099	
	2.326000	,	-0.027956	
	2.324000	,	-0.010554	
	2.324000	,	-0.075006	
	2.324000	,	-0.069528	
	2.324000	,	-0.001208	
	2.322000	,	-0.043102	
	2.322000	,	-0.041169	
	2.322000	,	-0.001208	
	2.322000	,	-0.053737	
	2.320000	,	-0.025378	
	2.320000	,	0.063889	
	2.320000	,	-0.026022	
	2.320000	,	-0.116256	
	2.318000	,	-0.024411	
	2.318000	,	-0.027634	
	2.318000	,	-0.075651	
	2.318000	,	0.206973	
	2.316000	,	-0.013132	
	2.316000	,	0.014583	
	2.316000	,	-0.034723	
	2.316000	,	-0.050837	
	2.314000	,	-0.048258	
	2.314000	,	-0.066305	
	2.314000	,	-0.017966	
	2.314000	,	-0.000564	
	2.312000	,	-0.020544	
	2.312000	,	-0.123990	
	2.312000	,	-0.046003	
	2.312000	,	-0.018933	
	2.310000	,	-0.034401	
	2.310000	,	-0.018610	
	2.310000	,	-0.037624	
	2.310000	,	-0.046325	
	2.308000	,	-0.025700	
	2.308000	,	-0.004431	
	2.308000	,	-0.090797	
	2.308000	,	-0.065983	
	2.306000	,	-0.021833	
	2.306000	,	0.022961	
	2.306000	,	-0.022477	
	2.306000	,	-0.036335	
	2.304000	,	-0.023444	
	2.304000	,	-0.010232	
	2.304000	,	-0.213579	
	2.304000	,	-0.036657	
	2.302000	,	-0.075328	
	2.302000	,	0.084836	
	2.302000	,	-0.019577	
	2.302000	,	-0.062438	
	2.300000	,	-0.044714	
	2.300000	,	-0.026989	
	2.300000	,	-0.010876	
	2.300000	,	0.010716	
	2.298000	,	-0.012165	
	2.298000	,	-0.148482	
	2.298000	,	-0.053415	
	2.298000	,	-0.014099	
	2.296000	,	-0.079196	
	2.296000	,	-0.024089	
	2.296000	,	-0.006364	
	2.296000	,	-0.023444	
	2.294000	,	-0.004753	
	2.294000	,	-0.131402	
	2.294000	,	-0.001208	
	2.294000	,	-0.058893	
	2.292000	,	0.071623	
	2.292000	,	-0.007331	
	2.292000	,	-0.044714	
	2.292000	,	-0.029889	
	2.290000	,	-0.038591	
	2.290000	,	-0.026345	
	2.290000	,	-0.034401	
	2.290000	,	-0.046969	
	2.288000	,	0.038108	
	2.288000	,	-0.027956	
	2.288000	,	-0.029567	
	2.288000	,	-0.051481	
	2.286000	,	-0.021833	
	2.286000	,	-0.004431	
	2.286000	,	-0.054059	
	2.286000	,	-0.084352	
	2.284000	,	-0.049547	
	2.284000	,	-0.015065	
	2.284000	,	-0.025700	
	2.284000	,	0.023606	
	2.282000	,	-0.051159	
	2.282000	,	-0.050837	
	2.282000	,	-0.015710	
	2.282000	,	0.027151	
	2.280000	,	0.033918	
	2.280000	,	-0.033434	
	2.280000	,	-0.026667	
	2.280000	,	-0.055993	
	2.278000	,	-0.018933	
	2.278000	,	-0.012487	
	2.278000	,	-0.022800	
	2.278000	,	-0.019255	
	2.276000	,	-0.017321	
	2.276000	,	-0.032145	
	2.276000	,	-0.044714	
	2.276000	,	0.001048	
	2.274000	,	0.087414	
	2.274000	,	-0.028600	
	2.274000	,	0.031663	
	2.274000	,	-0.026345	
	2.272000	,	-0.180063	
	2.272000	,	-0.018933	
	2.272000	,	-0.038268	
	2.272000	,	0.041975	
	2.270000	,	0.000081	
	2.270000	,	-0.017644	
	2.270000	,	0.027795	
	2.270000	,	0.009104	
	2.268000	,	-0.030856	
	2.268000	,	-0.070172	
	2.268000	,	-0.057604	
	2.268000	,	-0.010232	
	2.266000	,	0.036819	
	2.266000	,	0.000081	
	2.266000	,	-0.056315	
	2.266000	,	-0.067272	
	2.264000	,	-0.036012	
	2.264000	,	0.042942	
	2.264000	,	0.096437	
	2.264000	,	-0.030534	
	2.262000	,	-0.043747	
	2.262000	,	-0.005720	
	2.262000	,	-0.028600	
	2.262000	,	-0.005075	
	2.260000	,	-0.043747	
	2.260000	,	0.002981	
	2.260000	,	-0.041491	
	2.260000	,	-0.034401	
	2.258000	,	-0.014743	
	2.258000	,	-0.026022	
	2.258000	,	-0.028923	
	2.258000	,	-0.018288	
	2.256000	,	-0.037302	
	2.256000	,	-0.029567	
	2.256000	,	0.035207	
	2.256000	,	-0.024411	
	2.254000	,	-0.028600	
	2.254000	,	-0.015710	
	2.254000	,	-0.078229	
	2.254000	,	-0.039235	
	2.252000	,	-0.031179	
	2.252000	,	-0.007653	
	2.252000	,	-0.071139	
	2.252000	,	-0.079518	
	2.250000	,	-0.028278	
	2.250000	,	-0.012487	
	2.250000	,	-0.009587	
	2.250000	,	-0.025700	
	2.248000	,	-0.066950	
	2.248000	,	-0.009587	
	2.248000	,	-0.000241	
	2.248000	,	-0.032468	
	2.246000	,	-0.009265	
	2.246000	,	0.060988	
	2.246000	,	-0.086930	
	2.246000	,	-0.005398	
	2.244000	,	0.002337	
	2.244000	,	-0.036335	
	2.244000	,	-0.022800	
	2.244000	,	-0.010876	
	2.242000	,	-0.027634	
	2.242000	,	0.015549	
	2.242000	,	0.113839	
	2.242000	,	0.025862	
	2.240000	,	-0.033112	
	2.240000	,	-0.018288	
	2.240000	,	0.007171	
	2.240000	,	0.031663	
	2.238000	,	-0.082740	
	2.238000	,	-0.037302	
	2.238000	,	-0.080162	
	2.238000	,	-0.024411	
	2.236000	,	-0.040524	
	2.236000	,	-0.035368	
	2.236000	,	-0.005075	
	2.236000	,	-0.044391	
	2.234000	,	-0.023444	
	2.234000	,	0.000081	
	2.234000	,	0.101271	
	2.234000	,	-0.022800	
	2.232000	,	-0.012165	
	2.232000	,	-0.012487	
	2.232000	,	-0.038591	
	2.232000	,	-0.020866	
	2.230000	,	-0.049547	
	2.230000	,	-0.019255	
	2.230000	,	-0.059215	
	2.230000	,	-0.026667	
	2.228000	,	-0.014421	
	2.228000	,	-0.022155	
	2.228000	,	-0.103043	
	2.228000	,	0.140587	
	2.226000	,	-0.244838	
	2.226000	,	0.000081	
	2.226000	,	-0.017966	
	2.226000	,	-0.025700	
	2.224000	,	-0.031179	
	2.224000	,	-0.101432	
	2.224000	,	-0.059860	
	2.224000	,	-0.129468	
	2.222000	,	-0.009265	
	2.222000	,	-0.027956	
	2.222000	,	0.079680	
	2.222000	,	-0.141714	
	2.220000	,	-0.029245	
	2.220000	,	0.009426	
	2.220000	,	-0.075006	
	2.220000	,	-0.026022	
	2.218000	,	-0.019899	
	2.218000	,	-0.025378	
	2.218000	,	0.003948	
	2.218000	,	0.015549	
	2.216000	,	-0.011843	
	2.216000	,	-0.014743	
	2.216000	,	-0.105299	
	2.216000	,	-0.013776	
	2.214000	,	-0.013132	
	2.214000	,	-0.018610	
	2.214000	,	0.005882	
	2.214000	,	0.024573	
	2.212000	,	-0.022477	
	2.212000	,	-0.026989	
	2.212000	,	-0.120123	
	2.212000	,	-0.049870	
	2.210000	,	0.005559	
	2.210000	,	-0.022477	
	2.210000	,	-0.036979	
	2.210000	,	-0.005720	
	2.208000	,	-0.051481	
	2.208000	,	-0.045680	
	2.208000	,	-0.182319	
	2.208000	,	-0.045680	
	2.206000	,	-0.039880	
	2.206000	,	0.014905	
	2.206000	,	-0.025700	
	2.206000	,	0.008460	
	2.204000	,	-0.006364	
	2.204000	,	-0.022800	
	2.204000	,	-0.034723	
	2.204000	,	-0.029245	
	2.202000	,	0.152189	
	2.202000	,	-0.107877	
	2.202000	,	-0.000241	
	2.202000	,	-0.021511	
	2.200000	,	-0.009909	
	2.200000	,	-0.020544	
	2.200000	,	-0.064372	
	2.200000	,	-0.113355	
	2.198000	,	-0.021833	
	2.198000	,	-0.028278	
	2.198000	,	0.030696	
	2.198000	,	-0.026667	
	2.196000	,	-0.033112	
	2.196000	,	-0.031179	
	2.196000	,	-0.045036	
	2.196000	,	-0.027956	
	2.194000	,	-0.029889	
	2.194000	,	-0.008942	
	2.194000	,	0.014583	
	2.194000	,	-0.026667	
	2.192000	,	-0.029567	
	2.192000	,	-0.015710	
	2.192000	,	0.000725	
	2.192000	,	-0.053092	
	2.190000	,	-0.033757	
	2.190000	,	-0.000886	
	2.190000	,	0.020706	
	2.190000	,	-0.042135	
	2.188000	,	-0.017966	
	2.188000	,	-0.056315	
	2.188000	,	-0.084674	
	2.188000	,	-0.028923	
	2.186000	,	-0.024733	
	2.186000	,	-0.022800	
	2.186000	,	0.280771	
	2.186000	,	0.023928	
	2.184000	,	-0.033112	
	2.184000	,	-0.024411	
	2.184000	,	0.095148	
	2.184000	,	-0.024733	
	2.182000	,	-0.015710	
	2.182000	,	-0.012487	
	2.182000	,	0.009426	
	2.182000	,	-0.034079	
	2.180000	,	0.018128	
	2.180000	,	-0.018288	
	2.180000	,	-0.085641	
	2.180000	,	0.095148	
	2.178000	,	-0.046003	
	2.178000	,	-0.012165	
	2.178000	,	-0.269974	
	2.178000	,	-0.016999	
	2.176000	,	-0.045036	
	2.176000	,	0.094504	
	2.176000	,	-0.117545	
	2.176000	,	-0.031501	
	2.174000	,	-0.020222	
	2.174000	,	-0.009265	
	2.174000	,	-0.156861	
	2.174000	,	-0.065338	
	2.172000	,	-0.014743	
	2.172000	,	-0.095953	
	2.172000	,	-0.003142	
	2.172000	,	0.046809	
	2.170000	,	0.072912	
	2.170000	,	-0.029245	
	2.170000	,	-0.027311	
	2.170000	,	0.012971	
	2.168000	,	-0.032468	
	2.168000	,	-0.045680	
	2.168000	,	-0.157827	
	2.168000	,	-0.075328	
	2.166000	,	-0.065661	
	2.166000	,	0.033918	
	2.166000	,	0.031663	
	2.166000	,	0.011360	
	2.164000	,	-0.008942	
	2.164000	,	-0.135269	
	2.164000	,	-0.011521	
	2.164000	,	0.000081	
	2.162000	,	0.008137	
	2.162000	,	-0.029567	
	2.162000	,	-0.072106	
	2.162000	,	0.042619	
	2.160000	,	-0.021188	
	2.160000	,	-0.004753	
	2.160000	,	-0.072750	
	2.160000	,	-0.048581	
	2.158000	,	-0.020866	
	2.158000	,	-0.003142	
	2.158000	,	-0.022800	
	2.158000	,	-0.002175	
	2.156000	,	0.020706	
	2.156000	,	-0.041169	
	2.156000	,	-0.026345	
	2.156000	,	-0.046969	
	2.154000	,	-0.028600	
	2.154000	,	-0.026667	
	2.154000	,	-0.027311	
	2.154000	,	-0.109166	
	2.152000	,	-0.006687	
	2.152000	,	-0.001208	
	2.152000	,	0.082258	
	2.152000	,	-0.006042	
	2.150000	,	-0.026345	
	2.150000	,	-0.017966	
	2.150000	,	-0.025056	
	2.150000	,	-0.026022	
	2.148000	,	-0.077907	
	2.148000	,	-0.001530	
	2.148000	,	-0.057604	
	2.148000	,	0.289472	
	2.146000	,	-0.051159	
	2.146000	,	-0.073395	
	2.146000	,	0.012327	
	2.146000	,	-0.051803	
	2.144000	,	-0.028923	
	2.144000	,	-0.035046	
	2.144000	,	-0.019255	
	2.144000	,	0.126730	
	2.142000	,	-0.007009	
	2.142000	,	-0.069528	
	2.142000	,	-0.278998	
	2.142000	,	0.024573	
	2.140000	,	0.051965	
	2.140000	,	-0.035690	
	2.140000	,	-0.098854	
	2.140000	,	0.123507	
	2.138000	,	-0.023444	
	2.138000	,	-0.046003	
	2.138000	,	-0.132046	
	2.138000	,	0.018772	
	2.136000	,	-0.065338	
	2.136000	,	-0.040524	
	2.136000	,	-0.028600	
	2.136000	,	-0.002497	
	2.134000	,	-0.050837	
	2.134000	,	-0.015065	
	2.134000	,	-0.021188	
	2.134000	,	-0.033434	
	2.132000	,	-0.049870	
	2.132000	,	0.067111	
	2.132000	,	-0.039235	
	2.132000	,	-0.117867	
	2.130000	,	-0.008298	
	2.130000	,	-0.037302	
	2.130000	,	-0.115611	
	2.130000	,	-0.019255	
	2.128000	,	-0.020544	
	2.128000	,	0.051965	
	2.128000	,	-0.052770	
	2.128000	,	-0.059538	
	2.126000	,	-0.230014	
	2.126000	,	-0.048903	
	2.126000	,	0.117062	
	2.126000	,	-0.023122	
	2.124000	,	-0.016354	
	2.124000	,	0.122218	
	2.124000	,	-0.095309	
	2.124000	,	-0.022800	
	2.122000	,	-0.031501	
	2.122000	,	-0.016354	
	2.122000	,	0.023284	
	2.122000	,	-0.027311	
	2.120000	,	-0.031501	
	2.120000	,	-0.088863	
	2.120000	,	0.021028	
	2.120000	,	0.025217	
	2.118000	,	-0.027956	
	2.118000	,	-0.008942	
	2.118000	,	-0.007331	
	2.118000	,	-0.031823	
	2.116000	,	-0.043747	
	2.116000	,	-0.022800	
	2.116000	,	0.037141	
	2.116000	,	-0.020544	
	2.114000	,	-0.084674	
	2.114000	,	-0.016032	
	2.114000	,	-0.030856	
	2.114000	,	-0.152993	
	2.112000	,	-0.013454	
	2.112000	,	-0.064694	
	2.112000	,	-0.094342	
	2.112000	,	-0.017644	
	2.110000	,	-0.051159	
	2.110000	,	-0.004753	
	2.110000	,	-0.034079	
	2.110000	,	-0.020544	
	2.108000	,	-0.084996	
	2.108000	,	-0.030534	
	2.108000	,	-0.134947	
	2.108000	,	-0.030856	
	2.106000	,	-0.024089	
	2.106000	,	-0.028923	
	2.106000	,	0.016516	
	2.106000	,	-0.021833	
	2.104000	,	-0.014099	
	2.104000	,	-0.021188	
	2.104000	,	0.000081	
	2.104000	,	-0.040846	
	2.102000	,	-0.049870	
	2.102000	,	-0.059215	
	2.102000	,	-0.038591	
	2.102000	,	-0.020222	
	2.100000	,	-0.054381	
	2.100000	,	-0.030534	
	2.100000	,	0.010071	
	2.100000	,	-0.018288	
	2.098000	,	-0.018933	
	2.098000	,	-0.039557	
	2.098000	,	-0.017321	
	2.098000	,	-0.021833	
	2.096000	,	-0.036979	
	2.096000	,	-0.012165	
	2.096000	,	-0.003142	
	2.096000	,	0.010716	
	2.094000	,	-0.047614	
	2.094000	,	0.074523	
	2.094000	,	-0.075973	
	2.094000	,	-0.047936	
	2.092000	,	-0.005720	
	2.092000	,	0.052932	
	2.092000	,	-0.111422	
	2.092000	,	-0.069850	
	2.090000	,	-0.032468	
	2.090000	,	-0.010876	
	2.090000	,	0.085803	
	2.090000	,	-0.027634	
	2.088000	,	-0.024089	
	2.088000	,	-0.181030	
	2.088000	,	0.004593	
	2.088000	,	-0.149126	
	2.086000	,	-0.031179	
	2.086000	,	-0.093375	
	2.086000	,	-0.035368	
	2.086000	,	-0.029245	
	2.084000	,	-0.022800	
	2.084000	,	-0.002819	
	2.084000	,	-0.009587	
	2.084000	,	-0.008942	
	2.082000	,	-0.092086	
	2.082000	,	-0.035690	
	2.082000	,	-0.028923	
	2.082000	,	-0.028923	
	2.080000	,	-0.035690	
	2.080000	,	0.026184	
	2.080000	,	-0.038268	
	2.080000	,	-0.023767	
	2.078000	,	-0.005398	
	2.078000	,	-0.024411	
	2.078000	,	0.002014	
	2.078000	,	0.018772	
	2.076000	,	0.001048	
	2.076000	,	0.006848	
	2.076000	,	-0.035368	
	2.076000	,	-0.033434	
	2.074000	,	-0.028278	
	2.074000	,	-0.020544	
	2.074000	,	-0.012487	
	2.074000	,	0.182159	
	2.072000	,	-0.050837	
	2.072000	,	-0.069528	
	2.072000	,	-0.034401	
	2.072000	,	-0.076295	
	2.070000	,	-0.057926	
	2.070000	,	0.004270	
	2.070000	,	-0.051481	
	2.070000	,	0.071945	
	2.068000	,	-0.033112	
	2.068000	,	-0.000564	
	2.068000	,	-0.069528	
	2.068000	,	-0.043424	
	2.066000	,	-0.020544	
	2.066000	,	-0.057926	
	2.066000	,	-0.082418	
	2.066000	,	-0.033757	
	2.064000	,	-0.006364	
	2.064000	,	-0.025700	
	2.064000	,	-0.189731	
	2.064000	,	-0.032468	
	2.062000	,	-0.021511	
	2.062000	,	-0.011198	
	2.062000	,	-0.029889	
	2.062000	,	-0.119801	
	2.060000	,	-0.073717	
	2.060000	,	0.002337	
	2.060000	,	-0.023767	
	2.060000	,	-0.045036	
	2.058000	,	-0.023122	
	2.058000	,	-0.012810	
	2.058000	,	-0.055670	
	2.058000	,	-0.042780	
	2.056000	,	-0.029245	
	2.056000	,	-0.026345	
	2.056000	,	0.010071	
	2.056000	,	-0.002175	
	2.054000	,	-0.024733	
	2.054000	,	-0.290277	
	2.054000	,	0.012971	
	2.054000	,	-0.025378	
	2.052000	,	0.018128	
	2.052000	,	0.014260	
	2.052000	,	-0.085963	
	2.052000	,	-0.256117	
	2.050000	,	-0.010876	
	2.050000	,	0.110294	
	2.050000	,	-0.033757	
	2.050000	,	-0.007653	
	2.048000	,	0.138654	
	2.048000	,	-0.062760	
	2.048000	,	-0.032145	
	2.048000	,	-0.017966	
	2.046000	,	0.004270	
	2.046000	,	-0.017966	
	2.046000	,	-0.040846	
	2.046000	,	-0.026989	
	2.044000	,	-0.011521	
	2.044000	,	0.017805	
	2.044000	,	0.008137	
	2.044000	,	-0.023444	
	2.042000	,	-0.034079	
	2.042000	,	-0.044069	
	2.042000	,	-0.249350	
	2.042000	,	-0.027634	
	2.040000	,	-0.125601	
	2.040000	,	0.013616	
	2.040000	,	-0.044714	
	2.040000	,	-0.027311	
	2.038000	,	0.018772	
	2.038000	,	-0.009265	
	2.038000	,	0.012327	
	2.038000	,	-0.031179	
	2.036000	,	-0.036979	
	2.036000	,	-0.013132	
	2.036000	,	-0.021511	
	2.036000	,	0.003948	
	2.034000	,	0.004915	
	2.034000	,	0.012649	
	2.034000	,	-0.028278	
	2.034000	,	0.011360	
	2.032000	,	-0.021188	
	2.032000	,	0.136720	
	2.032000	,	-0.047936	
	2.032000	,	0.020706	
	2.030000	,	-0.038268	
	2.030000	,	-0.013454	
	2.030000	,	-0.064694	
	2.030000	,	0.019417	
	2.028000	,	-0.005075	
	2.028000	,	-0.015388	
	2.028000	,	-0.016032	
	2.028000	,	-0.064372	
	2.026000	,	0.199561	
	2.026000	,	-0.015065	
	2.026000	,	-0.055993	
	2.026000	,	-0.030534	
	2.024000	,	-0.025056	
	2.024000	,	-0.071784	
	2.024000	,	-0.035690	
	2.024000	,	-0.032145	
	2.022000	,	-0.033757	
	2.022000	,	-0.028923	
	2.022000	,	-0.021833	
	2.022000	,	-0.024733	
	2.020000	,	-0.038268	
	2.020000	,	-0.009909	
	2.020000	,	0.035207	
	2.020000	,	-0.025056	
	2.018000	,	-0.045680	
	2.018000	,	0.018128	
	2.018000	,	-0.031823	
	2.018000	,	0.002659	
	2.016000	,	-0.029567	
	2.016000	,	-0.002497	
	2.016000	,	-0.031179	
	2.016000	,	-0.023767	
	2.014000	,	-0.044391	
	2.014000	,	0.023606	
	2.014000	,	-0.040524	
	2.014000	,	0.004593	
	2.012000	,	-0.036335	
	2.012000	,	-0.073395	
	2.012000	,	0.004593	
	2.012000	,	-0.037302	
	2.010000	,	0.013938	
	2.010000	,	0.014260	
	2.010000	,	-0.049870	
	2.010000	,	-0.021188	
	2.008000	,	-0.032790	
	2.008000	,	-0.026989	
	2.008000	,	-0.060504	
	2.008000	,	-0.022800	
	2.006000	,	-0.006042	
	2.006000	,	-0.026667	
	2.006000	,	0.008782	
	2.006000	,	-0.016032	
	2.004000	,	0.000403	
	2.004000	,	-0.046647	
	2.004000	,	-0.046969	
	2.004000	,	-0.019255	
	2.002000	,	0.035207	
	2.002000	,	-0.034723	
	2.002000	,	0.012649	
	2.002000	,	-0.004109	
	2.000000	,	0.064533	
	2.000000	,	-0.049870	
	2.000000	,	0.024895	
	2.000000	,	-0.137203	
	1.998000	,	-0.010554	
	1.998000	,	-0.014743	
	1.998000	,	-0.019255	
	1.998000	,	-0.087252	
	1.996000	,	-0.098209	
	1.996000	,	-0.028278	
	1.996000	,	-0.020866	
	1.996000	,	-0.034723	
	1.994000	,	-0.025378	
	1.994000	,	0.009749	
	1.994000	,	-0.003142	
	1.994000	,	0.007171	
	1.992000	,	-0.005720	
	1.992000	,	-0.018610	
	1.992000	,	-0.020222	
	1.992000	,	-0.273519	
	1.990000	,	-0.045680	
	1.990000	,	-0.018288	
	1.990000	,	-0.005075	
	1.990000	,	-0.051803	
	1.988000	,	-0.025378	
	1.988000	,	-0.078551	
	1.988000	,	-0.029567	
	1.988000	,	-0.132691	
	1.986000	,	-0.021188	
	1.986000	,	-0.040524	
	1.986000	,	-0.020866	
	1.986000	,	0.006848	
	1.984000	,	-0.023122	
	1.984000	,	0.009749	
	1.984000	,	0.034885	
	1.984000	,	-0.082418	
	1.982000	,	-0.048258	
	1.982000	,	-0.006364	
	1.982000	,	-0.059215	
	1.982000	,	-0.065016	
	1.980000	,	-0.026345	
	1.980000	,	0.113195	
	1.980000	,	-0.019577	
	1.980000	,	0.017483	
	1.978000	,	0.107394	
	1.978000	,	-0.028923	
	1.978000	,	-0.031501	
	1.978000	,	-0.056637	
	1.976000	,	0.019739	
	1.976000	,	-0.131724	
	1.976000	,	-0.011521	
	1.976000	,	0.015549	
	1.974000	,	-0.027311	
	1.974000	,	-0.033434	
	1.974000	,	-0.036657	
	1.974000	,	-0.097564	
	1.972000	,	-0.028923	
	1.972000	,	-0.052126	
	1.972000	,	-0.037624	
	1.972000	,	-0.027634	
	1.970000	,	-0.028600	
	1.970000	,	-0.048903	
	1.970000	,	-0.120445	
	1.970000	,	0.002337	
	1.968000	,	-0.016999	
	1.968000	,	0.019417	
	1.968000	,	-0.028600	
	1.968000	,	-0.026989	
	1.966000	,	-0.172651	
	1.966000	,	-0.034401	
	1.966000	,	-0.032790	
	1.966000	,	-0.024089	
	1.964000	,	-0.000241	
	1.964000	,	-0.037946	
	1.964000	,	-0.008298	
	1.964000	,	-0.006042	
	1.962000	,	0.021995	
	1.962000	,	-0.052448	
	1.962000	,	-0.098531	
	1.962000	,	-0.020866	
	1.960000	,	-0.023767	
	1.960000	,	0.008782	
	1.960000	,	-0.006687	
	1.960000	,	-0.001530	
	1.958000	,	-0.035690	
	1.958000	,	-0.054059	
	1.958000	,	-0.034401	
	1.958000	,	-0.048903	
	1.956000	,	-0.017321	
	1.956000	,	-0.019255	
	1.956000	,	-0.089830	
	1.956000	,	-0.011198	
	1.954000	,	-0.031501	
	1.954000	,	-0.018610	
	1.954000	,	-0.015388	
	1.954000	,	-0.058893	
	1.952000	,	0.032629	
	1.952000	,	-0.055348	
	1.952000	,	-0.302845	
	1.952000	,	-0.046003	
	1.950000	,	-0.038913	
	1.950000	,	0.084191	
	1.950000	,	-0.054381	
	1.950000	,	-0.032468	
	1.948000	,	-0.109166	
	1.948000	,	-0.057282	
	1.948000	,	-0.002175	
	1.948000	,	-0.028600	
	1.946000	,	-0.028600	
	1.946000	,	-0.006364	
	1.946000	,	-0.039557	
	1.946000	,	-0.051481	
	1.944000	,	-0.074362	
	1.944000	,	-0.027956	
	1.944000	,	0.010393	
	1.944000	,	-0.018288	
	1.942000	,	-0.014099	
	1.942000	,	-0.042780	
	1.942000	,	0.006848	
	1.942000	,	0.016516	
	1.940000	,	-0.100143	
	1.940000	,	-0.088863	
	1.940000	,	-0.024411	
	1.940000	,	-0.026667	
	1.938000	,	-0.034723	
	1.938000	,	-0.083385	
	1.938000	,	-0.191987	
	1.938000	,	-0.024411	
	1.936000	,	-0.010876	
	1.936000	,	0.000403	
	1.936000	,	-0.026989	
	1.936000	,	-0.074362	
	1.934000	,	-0.088219	
	1.934000	,	-0.025056	
	1.934000	,	-0.060182	
	1.934000	,	0.100304	
	1.932000	,	-0.022477	
	1.932000	,	-0.011521	
	1.932000	,	-0.061793	
	1.932000	,	-0.036979	
	1.930000	,	-0.036335	
	1.930000	,	-0.025056	
	1.930000	,	0.037141	
	1.930000	,	-0.011521	
	1.928000	,	-0.005720	
	1.928000	,	-0.085319	
	1.928000	,	-0.032145	
	1.928000	,	-0.032790	
	1.926000	,	0.010716	
	1.926000	,	-0.024733	
	1.926000	,	-0.034401	
	1.926000	,	-0.064372	
	1.924000	,	0.054221	
	1.924000	,	-0.274486	
	1.924000	,	-0.036012	
	1.924000	,	0.004593	
	1.922000	,	-0.013454	
	1.922000	,	-0.032468	
	1.922000	,	0.017161	
	1.922000	,	0.050354	
	1.920000	,	-0.031501	
	1.920000	,	-0.069205	
	1.920000	,	-0.025378	
	1.920000	,	-0.028923	
	1.918000	,	-0.029245	
	1.918000	,	-0.087897	
	1.918000	,	-0.027311	
	1.918000	,	-0.015388	
	1.916000	,	-0.032790	
	1.916000	,	-0.055026	
	1.916000	,	-0.002497	
	1.916000	,	-0.032790	
	1.914000	,	0.052932	
	1.914000	,	0.008782	
	1.914000	,	-0.001530	
	1.914000	,	-0.000564	
	1.912000	,	-0.087897	
	1.912000	,	-0.036979	
	1.912000	,	0.038108	
	1.912000	,	0.035852	
	1.910000	,	0.054221	
	1.910000	,	0.026506	
	1.910000	,	-0.041813	
	1.910000	,	-0.088219	
	1.908000	,	-0.025378	
	1.908000	,	-0.024089	
	1.908000	,	-0.030856	
	1.908000	,	-0.029889	
	1.906000	,	-0.013776	
	1.906000	,	-0.113355	
	1.906000	,	-0.042458	
	1.906000	,	-0.005720	
	1.904000	,	-0.059215	
	1.904000	,	-0.064372	
	1.904000	,	0.101593	
	1.904000	,	-0.001530	
	1.902000	,	-0.022155	
	1.902000	,	-0.003786	
	1.902000	,	-0.013132	
	1.902000	,	-0.126568	
	1.900000	,	-0.187153	
	1.900000	,	-0.009265	
	1.900000	,	-0.008620	
	1.900000	,	-0.078551	
	1.898000	,	-0.029245	
	1.898000	,	0.008137	
	1.898000	,	-0.092408	
	1.898000	,	0.087736	
	1.896000	,	-0.065983	
	1.896000	,	-0.022800	
	1.896000	,	0.069367	
	1.896000	,	-0.028278	
	1.894000	,	-0.018933	
	1.894000	,	0.033274	
	1.894000	,	-0.111099	
	1.894000	,	-0.026345	
	1.892000	,	-0.023122	
	1.892000	,	-0.059860	
	1.892000	,	-0.009587	
	1.892000	,	-0.045680	
	1.890000	,	-0.023444	
	1.890000	,	-0.017644	
	1.890000	,	0.034885	
	1.890000	,	-0.017966	
	1.888000	,	-0.032790	
	1.888000	,	-0.006364	
	1.888000	,	-0.014743	
	1.888000	,	-0.080162	
	1.886000	,	0.011360	
	1.886000	,	-0.018288	
	1.886000	,	0.013938	
	1.886000	,	-0.004753	
	1.884000	,	-0.020866	
	1.884000	,	0.009426	
	1.884000	,	-0.022800	
	1.884000	,	0.011038	
	1.882000	,	-0.025378	
	1.882000	,	0.011682	
	1.882000	,	0.057121	
	1.882000	,	-0.003464	
	1.880000	,	0.007493	
	1.880000	,	-0.004431	
	1.880000	,	-0.035368	
	1.880000	,	-0.014743	
	1.878000	,	-0.018610	
	1.878000	,	-0.042780	
	1.878000	,	-0.061793	
	1.878000	,	-0.111744	
	1.876000	,	-0.036012	
	1.876000	,	-0.036657	
	1.876000	,	-0.021833	
	1.876000	,	-0.073073	
	1.874000	,	-0.192632	
	1.874000	,	-0.037624	
	1.874000	,	-0.014099	
	1.874000	,	-0.004109	
	1.872000	,	0.040041	
	1.872000	,	-0.011843	
	1.872000	,	-0.059215	
	1.872000	,	-0.028278	
	1.870000	,	0.014905	
	1.870000	,	-0.064694	
	1.870000	,	-0.006042	
	1.870000	,	0.041975	
	1.868000	,	-0.014743	
	1.868000	,	-0.055670	
	1.868000	,	-0.042458	
	1.868000	,	-0.053737	
	1.866000	,	-0.026989	
	1.866000	,	0.020061	
	1.866000	,	-0.011521	
	1.866000	,	-0.009265	
	1.864000	,	0.004270	
	1.864000	,	-0.122056	
	1.864000	,	0.059377	
	1.864000	,	0.019094	
	1.862000	,	-0.046969	
	1.862000	,	-0.066627	
	1.862000	,	-0.038913	
	1.862000	,	0.007815	
	1.860000	,	-0.026989	
	1.860000	,	-0.021511	
	1.860000	,	0.000403	
	1.860000	,	-0.031823	
	1.858000	,	0.107394	
	1.858000	,	-0.081451	
	1.858000	,	0.039397	
	1.858000	,	-0.135591	
	1.856000	,	-0.013132	
	1.856000	,	-0.050192	
	1.856000	,	-0.019899	
	1.856000	,	-0.030856	
	1.854000	,	-0.026022	
	1.854000	,	0.033274	
	1.854000	,	-0.042458	
	1.854000	,	-0.058893	
	1.852000	,	0.037463	
	1.852000	,	0.060988	
	1.852000	,	-0.009265	
	1.852000	,	-0.054704	
	1.850000	,	-0.024089	
	1.850000	,	0.081291	
	1.850000	,	-0.032145	
	1.850000	,	-0.004109	
	1.848000	,	-0.043747	
	1.848000	,	-0.019255	
	1.848000	,	-0.032145	
	1.848000	,	-0.109166	
	1.846000	,	0.025540	
	1.846000	,	-0.046647	
	1.846000	,	-0.036012	
	1.846000	,	-0.021511	
	1.844000	,	0.028440	
	1.844000	,	-0.007009	
	1.844000	,	-0.022477	
	1.844000	,	-0.035690	
	1.842000	,	-0.049547	
	1.842000	,	-0.139459	
	1.842000	,	-0.072428	
	1.842000	,	-0.062438	
	1.840000	,	-0.021511	
	1.840000	,	-0.025056	
	1.840000	,	-0.022155	
	1.840000	,	-0.098531	
	1.838000	,	-0.019899	
	1.838000	,	-0.040846	
	1.838000	,	0.033274	
	1.838000	,	-0.021833	
	1.836000	,	-0.078551	
	1.836000	,	-0.087574	
	1.836000	,	-0.012165	
	1.836000	,	0.016194	
	1.834000	,	0.016194	
	1.834000	,	-0.031823	
	1.834000	,	-0.076295	
	1.834000	,	-0.061149	
	1.832000	,	0.045198	
	1.832000	,	-0.063727	
	1.832000	,	-0.017644	
	1.832000	,	-0.350540	
	1.830000	,	-0.048258	
	1.830000	,	0.001692	
	1.830000	,	-0.033434	
	1.830000	,	0.003626	
	1.828000	,	-0.037946	
	1.828000	,	0.010716	
	1.828000	,	-0.004431	
	1.828000	,	-0.152027	
	1.826000	,	0.012971	
	1.826000	,	-0.070494	
	1.826000	,	0.018772	
	1.826000	,	-0.015388	
	1.824000	,	-0.044069	
	1.824000	,	-0.029245	
	1.824000	,	-0.033434	
	1.824000	,	-0.051159	
	1.822000	,	-0.021833	
	1.822000	,	-0.059538	
	1.822000	,	0.056477	
	1.822000	,	-0.004431	
	1.820000	,	0.011038	
	1.820000	,	-0.002819	
	1.820000	,	-0.036979	
	1.820000	,	-0.019255	
	1.818000	,	-0.039880	
	1.818000	,	-0.051159	
	1.818000	,	-0.060827	
	1.818000	,	-0.090152	
	1.816000	,	-0.022477	
	1.816000	,	-0.010232	
	1.816000	,	0.008137	
	1.816000	,	-0.003786	
	1.814000	,	-0.021833	
	1.814000	,	-0.034723	
	1.814000	,	-0.024089	
	1.814000	,	-0.056959	
	1.812000	,	-0.019255	
	1.812000	,	-0.080162	
	1.812000	,	-0.043747	
	1.812000	,	0.017483	
	1.810000	,	0.019739	
	1.810000	,	-0.023444	
	1.810000	,	-0.037946	
	1.810000	,	-0.005720	
	1.808000	,	-0.015065	
	1.808000	,	-0.026989	
	1.808000	,	-0.007009	
	1.808000	,	0.004593	
	1.806000	,	0.041008	
	1.806000	,	0.013294	
	1.806000	,	-0.122056	
	1.806000	,	-0.072428	
	1.804000	,	-0.008298	
	1.804000	,	-0.036979	
	1.804000	,	-0.038913	
	1.804000	,	-0.023444	
	1.802000	,	0.031018	
	1.802000	,	-0.040524	
	1.802000	,	-0.036657	
	1.802000	,	-0.098209	
	1.800000	,	-0.036012	
	1.800000	,	-0.020544	
	1.800000	,	-0.014743	
	1.800000	,	-0.004753	
	1.798000	,	-0.003786	
	1.798000	,	-0.028278	
	1.798000	,	-0.052448	
	1.798000	,	-0.057282	
	1.796000	,	0.048420	
	1.796000	,	-0.049225	
	1.796000	,	-0.010554	
	1.796000	,	0.010716	
	1.794000	,	-0.143326	
	1.794000	,	-0.035368	
	1.794000	,	0.020383	
	1.794000	,	-0.026667	
	1.792000	,	0.097082	
	1.792000	,	-0.053415	
	1.792000	,	-0.029889	
	1.792000	,	0.015549	
	1.790000	,	-0.048581	
	1.790000	,	-0.010232	
	1.790000	,	-0.047292	
	1.790000	,	-0.103365	
	1.788000	,	-0.021511	
	1.788000	,	-0.029245	
	1.788000	,	-0.051481	
	1.788000	,	0.028440	
	1.786000	,	-0.013132	
	1.786000	,	-0.052770	
	1.786000	,	-0.061793	
	1.786000	,	0.141876	
	1.784000	,	-0.039557	
	1.784000	,	-0.045680	
	1.784000	,	-0.024089	
	1.784000	,	-0.023767	
	1.782000	,	-0.033434	
	1.782000	,	-0.033757	
	1.782000	,	-0.029889	
	1.782000	,	-0.004431	
	1.780000	,	0.083869	
	1.780000	,	-0.042458	
	1.780000	,	-0.013454	
	1.780000	,	-0.172007	
	1.778000	,	-0.018610	
	1.778000	,	-0.026022	
	1.778000	,	0.026506	
	1.778000	,	-0.046647	
	1.776000	,	-0.039557	
	1.776000	,	0.029407	
	1.776000	,	-0.048581	
	1.776000	,	-0.042780	
	1.774000	,	0.002981	
	1.774000	,	-0.094342	
	1.774000	,	0.018772	
	1.774000	,	-0.039235	
	1.772000	,	-0.000241	
	1.772000	,	-0.014099	
	1.772000	,	-0.024089	
	1.772000	,	0.110617	
	1.770000	,	-0.022800	
	1.770000	,	-0.024089	
	1.770000	,	-0.070494	
	1.770000	,	-0.007653	
	1.768000	,	0.061955	
	1.768000	,	-0.009587	
	1.768000	,	-0.039880	
	1.768000	,	0.005559	
	1.766000	,	-0.031823	
	1.766000	,	-0.024733	
	1.766000	,	-0.010554	
	1.766000	,	-0.081451	
	1.764000	,	-0.018610	
	1.764000	,	-0.052770	
	1.764000	,	0.004915	
	1.764000	,	-0.032145	
	1.762000	,	-0.036012	
	1.762000	,	-0.042135	
	1.762000	,	-0.027311	
	1.762000	,	0.083224	
	1.760000	,	-0.032790	
	1.760000	,	-0.048258	
	1.760000	,	-0.003142	
	1.760000	,	-0.026345	
	1.758000	,	0.019739	
	1.758000	,	-0.027956	
	1.758000	,	-0.066950	
	1.758000	,	-0.036012	
	1.756000	,	-0.050837	
	1.756000	,	-0.026022	
	1.756000	,	-0.086930	
	1.756000	,	-0.113678	
	1.754000	,	-0.023444	
	1.754000	,	-0.054381	
	1.754000	,	-0.045680	
	1.754000	,	0.027473	
	1.752000	,	-0.004753	
	1.752000	,	-0.065338	
	1.752000	,	-0.103365	
	1.752000	,	-0.036012	
	1.750000	,	-0.030856	
	1.750000	,	-0.018288	
	1.750000	,	-0.030856	
	1.750000	,	-0.063082	
	1.748000	,	-0.056959	
	1.748000	,	-0.027956	
	1.748000	,	-0.090797	
	1.748000	,	-0.020222	
	1.746000	,	-0.022800	
	1.746000	,	-0.013132	
	1.746000	,	-0.039557	
	1.746000	,	-0.039880	
	1.744000	,	-0.110133	
	1.744000	,	-0.018933	
	1.744000	,	-0.094342	
	1.744000	,	-0.045036	
	1.742000	,	-0.022800	
	1.742000	,	0.074523	
	1.742000	,	-0.041169	
	1.742000	,	-0.037302	
	1.740000	,	-0.021511	
	1.740000	,	-0.033757	
	1.740000	,	0.068078	
	1.740000	,	-0.195854	
	1.738000	,	-0.022155	
	1.738000	,	-0.031179	
	1.738000	,	-0.032790	
	1.738000	,	-0.026345	
	1.736000	,	-0.268363	
	1.736000	,	-0.070817	
	1.736000	,	-0.029245	
	1.736000	,	-0.043424	
	1.734000	,	-0.019255	
	1.734000	,	-0.039880	
	1.734000	,	-0.024411	
	1.734000	,	-0.019899	
	1.732000	,	0.000725	
	1.732000	,	-0.011843	
	1.732000	,	0.002981	
	1.732000	,	-0.007331	
	1.730000	,	-0.031179	
	1.730000	,	0.020061	
	1.730000	,	0.104171	
	1.730000	,	-0.021511	
	1.728000	,	0.018450	
	1.728000	,	-0.091442	
	1.728000	,	-0.022800	
	1.728000	,	-0.043102	
	1.726000	,	-0.075006	
	1.726000	,	-0.025378	
	1.726000	,	-0.045036	
	1.726000	,	-0.062438	
	1.724000	,	-0.083707	
	1.724000	,	-0.108199	
	1.724000	,	-0.016677	
	1.724000	,	0.078068	
	1.722000	,	-0.048903	
	1.722000	,	-0.022477	
	1.722000	,	0.031985	
	1.722000	,	-0.041169	
	1.720000	,	-0.000886	
	1.720000	,	0.021350	
	1.720000	,	0.034885	
	1.720000	,	-0.041491	
	1.718000	,	-0.022477	
	1.718000	,	-0.027956	
	1.718000	,	-0.038268	
	1.718000	,	-0.037624	
	1.716000	,	-0.021511	
	1.716000	,	0.003626	
	1.716000	,	-0.025378	
	1.716000	,	-0.016999	
	1.714000	,	0.056154	
	1.714000	,	-0.021511	
	1.714000	,	-0.005075	
	1.714000	,	-0.090475	
	1.712000	,	-0.022800	
	1.712000	,	-0.014099	
	1.712000	,	-0.072106	
	1.712000	,	-0.017644	
	1.710000	,	-0.035690	
	1.710000	,	-0.019577	
	1.710000	,	0.044875	
	1.710000	,	0.045520	
	1.708000	,	-0.031823	
	1.708000	,	-0.075973	
	1.708000	,	-0.024411	
	1.708000	,	-0.026667	
	1.706000	,	-0.038268	
	1.706000	,	-0.016999	
	1.706000	,	-0.025378	
	1.706000	,	-0.047292	
	1.704000	,	-0.028278	
	1.704000	,	-0.022477	
	1.704000	,	0.024895	
	1.704000	,	0.018772	
	1.702000	,	-0.026022	
	1.702000	,	-0.022800	
	1.702000	,	-0.091442	
	1.702000	,	-0.000241	
	1.700000	,	0.026829	
	1.700000	,	0.024251	
	1.700000	,	-0.161050	
	1.700000	,	-0.034401	
	1.698000	,	-0.028600	
	1.698000	,	-0.015065	
	1.698000	,	-0.029567	
	1.698000	,	-0.153960	
	1.696000	,	-0.061793	
	1.696000	,	-0.026667	
	1.696000	,	-0.047292	
	1.696000	,	0.004593	
	1.694000	,	-0.045680	
	1.694000	,	-0.071784	
	1.694000	,	-0.027634	
	1.694000	,	-0.032790	
	1.692000	,	-0.033434	
	1.692000	,	-0.041491	
	1.692000	,	-0.128824	
	1.692000	,	-0.029889	
	1.690000	,	-0.035046	
	1.690000	,	-0.018610	
	1.690000	,	-0.021833	
	1.690000	,	-0.035368	
	1.688000	,	-0.065338	
	1.688000	,	-0.034079	
	1.688000	,	-0.071139	
	1.688000	,	-0.039235	
	1.686000	,	-0.030212	
	1.686000	,	0.005559	
	1.686000	,	-0.044391	
	1.686000	,	-0.026022	
	1.684000	,	0.033596	
	1.684000	,	-0.032790	
	1.684000	,	-0.043102	
	1.684000	,	-0.009909	
	1.682000	,	-0.066305	
	1.682000	,	0.085480	
	1.682000	,	-0.010554	
	1.682000	,	-0.065016	
	1.680000	,	0.037463	
	1.680000	,	-0.035690	
	1.680000	,	0.065178	
	1.680000	,	-0.071461	
	1.678000	,	-0.017644	
	1.678000	,	0.004915	
	1.678000	,	-0.075006	
	1.678000	,	-0.026989	
	1.676000	,	-0.050837	
	1.676000	,	-0.050837	
	1.676000	,	-0.019899	
	1.676000	,	0.042942	
	1.674000	,	-0.089186	
	1.674000	,	-0.025378	
	1.674000	,	-0.010554	
	1.674000	,	-0.037946	
	1.672000	,	-0.026667	
	1.672000	,	-0.016354	
	1.672000	,	-0.018288	
	1.672000	,	-0.102398	
	1.670000	,	-0.057926	
	1.670000	,	-0.033757	
	1.670000	,	0.037786	
	1.670000	,	-0.021833	
	1.668000	,	-0.037946	
	1.668000	,	-0.018610	
	1.668000	,	-0.034401	
	1.668000	,	-0.030856	
	1.666000	,	-0.021188	
	1.666000	,	-0.063082	
	1.666000	,	0.058088	
	1.666000	,	0.007493	
	1.664000	,	0.022317	
	1.664000	,	0.070979	
	1.664000	,	-0.038591	
	1.664000	,	-0.007009	
	1.662000	,	-0.032145	
	1.662000	,	-0.027634	
	1.662000	,	-0.058571	
	1.662000	,	0.018450	
	1.660000	,	-0.025056	
	1.660000	,	-0.043424	
	1.660000	,	-0.057282	
	1.660000	,	-0.035368	
	1.658000	,	-0.240004	
	1.658000	,	-0.034079	
	1.658000	,	-0.024089	
	1.658000	,	-0.028600	
	1.656000	,	-0.029567	
	1.656000	,	-0.027311	
	1.656000	,	-0.025056	
	1.656000	,	-0.106910	
	1.654000	,	-0.011198	
	1.654000	,	-0.026022	
	1.654000	,	-0.003786	
	1.654000	,	-0.086930	
	1.652000	,	-0.010876	
	1.652000	,	0.034563	
	1.652000	,	0.053899	
	1.652000	,	-0.020866	
	1.650000	,	-0.023767	
	1.650000	,	-0.141714	
	1.650000	,	-0.028600	
	1.650000	,	-0.069205	
	1.648000	,	-0.036012	
	1.648000	,	-0.032145	
	1.648000	,	-0.018933	
	1.648000	,	-0.038913	
	1.646000	,	-0.072428	
	1.646000	,	0.010393	
	1.646000	,	-0.023444	
	1.646000	,	0.084514	
	1.644000	,	-0.025700	
	1.644000	,	-0.017644	
	1.644000	,	-0.041169	
	1.644000	,	0.001048	
	1.642000	,	-0.011198	
	1.642000	,	-0.053092	
	1.642000	,	0.008460	
	1.642000	,	-0.021188	
	1.640000	,	0.078713	
	1.640000	,	-0.065983	
	1.640000	,	-0.037946	
	1.640000	,	0.029729	
	1.638000	,	0.020706	
	1.638000	,	0.069367	
	1.638000	,	-0.033757	
	1.638000	,	-0.018288	
	1.636000	,	-0.003142	
	1.636000	,	0.020706	
	1.636000	,	-0.063405	
	1.636000	,	-0.084029	
	1.634000	,	-0.025378	
	1.634000	,	0.048420	
	1.634000	,	0.041975	
	1.634000	,	-0.051159	
	1.632000	,	-0.140748	
	1.632000	,	0.076457	
	1.632000	,	-0.017644	
	1.632000	,	-0.019255	
	1.630000	,	-0.040524	
	1.630000	,	-0.025056	
	1.630000	,	-0.024411	
	1.630000	,	-0.025700	
	1.628000	,	-0.015388	
	1.628000	,	-0.035368	
	1.628000	,	-0.030212	
	1.628000	,	0.097404	
	1.626000	,	-0.022155	
	1.626000	,	-0.050514	
	1.626000	,	-0.027956	
	1.626000	,	-0.034079	
	1.624000	,	0.002014	
	1.624000	,	-0.042780	
	1.624000	,	0.013938	
	1.624000	,	0.029407	
	1.622000	,	-0.079518	
	1.622000	,	-0.027634	
	1.622000	,	-0.012810	
	1.622000	,	-0.027956	
	1.620000	,	0.084514	
	1.620000	,	-0.113355	
	1.620000	,	-0.027311	
	1.620000	,	-0.063082	
	1.618000	,	-0.078873	
	1.618000	,	-0.019899	
	1.618000	,	0.042942	
	1.618000	,	-0.085641	
	1.616000	,	-0.038268	
	1.616000	,	0.101593	
	1.616000	,	-0.038268	
	1.616000	,	-0.017644	
	1.614000	,	0.005882	
	1.614000	,	-0.028600	
	1.614000	,	-0.046003	
	1.614000	,	-0.129146	
	1.612000	,	-0.029567	
	1.612000	,	-0.029567	
	1.612000	,	0.083224	
	1.612000	,	-0.029245	
	1.610000	,	-0.046325	
	1.610000	,	-0.139459	
	1.610000	,	0.034241	
	1.610000	,	-0.172974	
	1.608000	,	-0.031179	
	1.608000	,	-0.019255	
	1.608000	,	-0.023122	
	1.608000	,	-0.028278	
	1.606000	,	0.005237	
	1.606000	,	-0.049870	
	1.606000	,	-0.041813	
	1.606000	,	-0.067272	
	1.604000	,	-0.029889	
	1.604000	,	-0.033112	
	1.604000	,	-0.112711	
	1.604000	,	-0.023444	
	1.602000	,	0.065500	
	1.602000	,	-0.042458	
	1.602000	,	-0.018933	
	1.602000	,	-0.010554	
	1.600000	,	-0.043424	
	1.600000	,	-0.026345	
	1.600000	,	-0.009587	
	1.600000	,	-0.123345	
	1.598000	,	0.003948	
	1.598000	,	0.241133	
	1.598000	,	-0.114322	
	1.598000	,	-0.025056	
	1.596000	,	-0.025378	
	1.596000	,	-0.016354	
	1.596000	,	0.011038	
	1.596000	,	-0.025700	
	1.594000	,	-0.046003	
	1.594000	,	-0.159116	
	1.594000	,	-0.025700	
	1.594000	,	-0.010876	
	1.592000	,	0.034885	
	1.592000	,	-0.031823	
	1.592000	,	0.024573	
	1.592000	,	-0.050514	
	1.590000	,	-0.014743	
	1.590000	,	-0.015710	
	1.590000	,	-0.064694	
	1.590000	,	-0.054381	
	1.588000	,	-0.035368	
	1.588000	,	-0.075006	
	1.588000	,	-0.003786	
	1.588000	,	0.055510	
	1.586000	,	-0.018288	
	1.586000	,	-0.020866	
	1.586000	,	-0.010876	
	1.586000	,	-0.081451	
	1.584000	,	-0.126246	
	1.584000	,	-0.046647	
	1.584000	,	-0.050837	
	1.584000	,	-0.117222	
	1.582000	,	-0.016999	
	1.582000	,	-0.038268	
	1.582000	,	0.010393	
	1.582000	,	0.036496	
	1.580000	,	-0.017644	
	1.580000	,	-0.038913	
	1.580000	,	-0.032790	
	1.580000	,	-0.191665	
	1.578000	,	-0.039557	
	1.578000	,	-0.001530	
	1.578000	,	-0.044714	
	1.578000	,	-0.000564	
	1.576000	,	-0.029245	
	1.576000	,	-0.096598	
	1.576000	,	-0.043424	
	1.576000	,	-0.080162	
	1.574000	,	-0.094342	
	1.574000	,	-0.085963	
	1.574000	,	-0.040202	
	1.574000	,	-0.026667	
	1.572000	,	-0.186509	
	1.572000	,	-0.025700	
	1.572000	,	-0.084352	
	1.572000	,	-0.018933	
	1.570000	,	-0.027634	
	1.570000	,	-0.020866	
	1.570000	,	0.013294	
	1.570000	,	-0.012810	
	1.568000	,	-0.016354	
	1.568000	,	-0.044391	
	1.568000	,	-0.017321	
	1.568000	,	-0.020222	
	1.566000	,	-0.104977	
	1.566000	,	-0.040846	
	1.566000	,	0.024251	
	1.566000	,	-0.023767	
	1.564000	,	-0.074362	
	1.564000	,	-0.031823	
	1.564000	,	0.003626	
	1.564000	,	0.004270	
	1.562000	,	-0.065661	
	1.562000	,	-0.027634	
	1.562000	,	-0.041813	
	1.562000	,	-0.011198	
	1.560000	,	-0.032468	
	1.560000	,	-0.068561	
	1.560000	,	-0.033434	
	1.560000	,	-0.026667	
	1.558000	,	-0.036979	
	1.558000	,	0.023928	
	1.558000	,	-0.028278	
	1.558000	,	-0.014743	
	1.556000	,	-0.021833	
	1.556000	,	-0.249672	
	1.556000	,	-0.034723	
	1.556000	,	-0.028600	
	1.554000	,	0.065178	
	1.554000	,	-0.054704	
	1.554000	,	0.030373	
	1.554000	,	0.032629	
	1.552000	,	-0.039557	
	1.552000	,	-0.022155	
	1.552000	,	-0.045680	
	1.552000	,	-0.018610	
	1.550000	,	-0.017321	
	1.550000	,	-0.021833	
	1.550000	,	-0.037302	
	1.550000	,	0.020383	
	1.548000	,	-0.036335	
	1.548000	,	-0.002497	
	1.548000	,	0.029407	
	1.548000	,	-0.026345	
	1.546000	,	-0.001853	
	1.546000	,	-0.011521	
	1.546000	,	-0.004109	
	1.546000	,	-0.084352	
	1.544000	,	-0.028923	
	1.544000	,	0.033596	
	1.544000	,	0.029084	
	1.544000	,	-0.054059	
	1.542000	,	-0.010232	
	1.542000	,	-0.215190	
	1.542000	,	-0.036012	
	1.542000	,	0.171202	
	1.540000	,	-0.011198	
	1.540000	,	-0.017966	
	1.540000	,	-0.017321	
	1.540000	,	-0.038591	
	1.538000	,	-0.052126	
	1.538000	,	-0.133980	
	1.538000	,	-0.008942	
	1.538000	,	-0.031501	
	1.536000	,	0.179259	
	1.536000	,	-0.022800	
	1.536000	,	-0.046003	
	1.536000	,	0.002014	
	1.534000	,	-0.018933	
	1.534000	,	-0.033112	
	1.534000	,	0.027473	
	1.534000	,	-0.050837	
	1.532000	,	0.068078	
	1.532000	,	-0.028600	
	1.532000	,	-0.087252	
	1.532000	,	-0.040846	
	1.530000	,	-0.046325	
	1.530000	,	-0.066950	
	1.530000	,	-0.041491	
	1.530000	,	0.015549	
	1.528000	,	-0.032468	
	1.528000	,	-0.009265	
	1.528000	,	-0.018933	
	1.528000	,	0.009426	
	1.526000	,	0.026506	
	1.526000	,	-0.104977	
	1.526000	,	0.007171	
	1.526000	,	0.007815	
	1.524000	,	0.016838	
	1.524000	,	-0.068239	
	1.524000	,	-0.030212	
	1.524000	,	0.011038	
	1.522000	,	-0.052126	
	1.522000	,	-0.001208	
	1.522000	,	-0.052770	
	1.522000	,	0.027473	
	1.520000	,	-0.017321	
	1.520000	,	-0.061471	
	1.520000	,	-0.027634	
	1.520000	,	0.067111	
	1.518000	,	-0.022477	
	1.518000	,	-0.030212	
	1.518000	,	-0.034401	
	1.518000	,	-0.031501	
	1.516000	,	-0.031501	
	1.516000	,	0.040686	
	1.516000	,	-0.046969	
	1.516000	,	-0.013454	
	1.514000	,	0.042942	
	1.514000	,	-0.003464	
	1.514000	,	-0.023444	
	1.514000	,	-0.006364	
	1.512000	,	-0.028278	
	1.512000	,	-0.008298	
	1.512000	,	0.054865	
	1.512000	,	-0.028923	
	1.510000	,	0.000725	
	1.510000	,	0.014905	
	1.510000	,	-0.025700	
	1.510000	,	-0.073073	
	1.508000	,	-0.021833	
	1.508000	,	-0.030212	
	1.508000	,	-0.014421	
	1.508000	,	-0.024411	
	1.506000	,	-0.159761	
	1.506000	,	0.067111	
	1.506000	,	-0.052770	
	1.506000	,	0.011038	
	1.504000	,	-0.008620	
	1.504000	,	-0.025700	
	1.504000	,	-0.026022	
	1.504000	,	-0.009587	
	1.502000	,	-0.066627	
	1.502000	,	-0.006042	
	1.502000	,	-0.027634	
	1.502000	,	-0.016354	
	1.500000	,	-0.011198	
	1.500000	,	-0.052126	
	1.500000	,	-0.009909	
	1.500000	,	-0.037302	
	1.498000	,	-0.069850	
	1.498000	,	0.104816	
	1.498000	,	0.050354	
	1.498000	,	-0.030212	
	1.496000	,	-0.012810	
	1.496000	,	0.001370	
	1.496000	,	-0.004431	
	1.496000	,	-0.076295	
	1.494000	,	0.004915	
	1.494000	,	0.001370	
	1.494000	,	-0.055026	
	1.494000	,	-0.102398	
	1.492000	,	-0.025056	
	1.492000	,	-0.019577	
	1.492000	,	-0.032145	
	1.492000	,	-0.025700	
	1.490000	,	-0.065661	
	1.490000	,	0.041975	
	1.490000	,	-0.002497	
	1.490000	,	0.086447	
	1.488000	,	-0.200366	
	1.488000	,	-0.054381	
	1.488000	,	0.058733	
	1.488000	,	-0.024411	
	1.486000	,	-0.034079	
	1.486000	,	-0.244838	
	1.486000	,	-0.035046	
	1.486000	,	-0.028278	
	1.484000	,	-0.062438	
	1.484000	,	-0.032468	
	1.484000	,	-0.065661	
	1.484000	,	-0.017644	
	1.482000	,	-0.013132	
	1.482000	,	-0.107877	
	1.482000	,	0.043908	
	1.482000	,	-0.023767	
	1.480000	,	-0.017966	
	1.480000	,	-0.030212	
	1.480000	,	0.001692	
	1.480000	,	0.232110	
	1.478000	,	0.018128	
	1.478000	,	-0.046969	
	1.478000	,	0.017483	
	1.478000	,	-0.041491	
	1.476000	,	-0.044069	
	1.476000	,	-0.028600	
	1.476000	,	-0.017966	
	1.476000	,	0.019094	
	1.474000	,	-0.040202	
	1.474000	,	-0.062760	
	1.474000	,	-0.083063	
	1.474000	,	-0.012487	
	1.472000	,	-0.028923	
	1.472000	,	-0.106266	
	1.472000	,	-0.017966	
	1.472000	,	0.019417	
	1.470000	,	-0.014099	
	1.470000	,	-0.008298	
	1.470000	,	-0.008298	
	1.470000	,	-0.057926	
	1.468000	,	0.009104	
	1.468000	,	-0.049547	
	1.468000	,	-0.046003	
	1.468000	,	-0.001208	
	1.466000	,	-0.298978	
	1.466000	,	-0.051481	
	1.466000	,	0.041330	
	1.466000	,	-0.048581	
	1.464000	,	-0.004431	
	1.464000	,	-0.013132	
	1.464000	,	-0.034079	
	1.464000	,	-0.021511	
	1.462000	,	-0.227758	
	1.462000	,	0.031985	
	1.462000	,	-0.023444	
	1.462000	,	-0.021833	
	1.460000	,	-0.047936	
	1.460000	,	-0.022477	
	1.460000	,	-0.021511	
	1.460000	,	-0.021511	
	1.458000	,	-0.101109	
	1.458000	,	-0.034079	
	1.458000	,	-0.026345	
	1.458000	,	-0.041169	
	1.456000	,	-0.039880	
	1.456000	,	-0.152027	
	1.456000	,	-0.031823	
	1.456000	,	-0.038268	
	1.454000	,	-0.025056	
	1.454000	,	-0.027634	
	1.454000	,	-0.024733	
	1.454000	,	-0.047292	
	1.452000	,	0.013294	
	1.452000	,	-0.038268	
	1.452000	,	-0.019255	
	1.452000	,	-0.034079	
	1.450000	,	0.108039	
	1.450000	,	0.018772	
	1.450000	,	-0.016999	
	1.450000	,	-0.046647	
	1.448000	,	-0.031179	
	1.448000	,	-0.020544	
	1.448000	,	0.047131	
	1.448000	,	0.011682	
	1.446000	,	-0.172007	
	1.446000	,	-0.033112	
	1.446000	,	-0.030212	
	1.446000	,	-0.017644	
	1.444000	,	-0.046325	
	1.444000	,	-0.103043	
	1.444000	,	-0.056315	
	1.444000	,	-0.021188	
	1.442000	,	-0.029567	
	1.442000	,	-0.040202	
	1.442000	,	-0.032790	
	1.442000	,	0.007815	
	1.440000	,	-0.059538	
	1.440000	,	0.012327	
	1.440000	,	-0.095309	
	1.440000	,	-0.015065	
	1.438000	,	0.012649	
	1.438000	,	-0.033112	
	1.438000	,	0.107716	
	1.438000	,	0.014583	
	1.436000	,	0.102238	
	1.436000	,	-0.008620	
	1.436000	,	-0.006364	
	1.436000	,	-0.030856	
	1.434000	,	-0.036012	
	1.434000	,	-0.059860	
	1.434000	,	-0.039235	
	1.434000	,	-0.015388	
	1.432000	,	-0.016677	
	1.432000	,	0.010071	
	1.432000	,	-0.026345	
	1.432000	,	0.065178	
	1.430000	,	-0.016354	
	1.430000	,	-0.021511	
	1.430000	,	0.060022	
	1.430000	,	0.037141	
	1.428000	,	-0.081774	
	1.428000	,	-0.056959	
	1.428000	,	-0.023122	
	1.428000	,	-0.013132	
	1.426000	,	-0.027956	
	1.426000	,	0.001692	
	1.426000	,	-0.034401	
	1.426000	,	-0.012487	
	1.424000	,	0.068078	
	1.424000	,	-0.031823	
	1.424000	,	-0.029889	
	1.424000	,	0.066789	
	1.422000	,	-0.019899	
	1.422000	,	-0.034401	
	1.422000	,	0.034885	
	1.422000	,	-0.046325	
	1.420000	,	-0.014421	
	1.420000	,	-0.051159	
	1.420000	,	-0.014099	
	1.420000	,	-0.031179	
	1.418000	,	-0.016677	
	1.418000	,	-0.033112	
	1.418000	,	-0.083385	
	1.418000	,	0.050031	
	1.416000	,	-0.015710	
	1.416000	,	-0.084674	
	1.416000	,	-0.009909	
	1.416000	,	-0.015710	
	1.414000	,	-0.092086	
	1.414000	,	0.008782	
	1.414000	,	-0.004431	
	1.414000	,	-0.004753	
	1.412000	,	-0.032790	
	1.412000	,	-0.025378	
	1.412000	,	-0.050192	
	1.412000	,	-0.043424	
	1.410000	,	0.003948	
	1.410000	,	-0.051803	
	1.410000	,	-0.109166	
	1.410000	,	0.023284	
	1.408000	,	-0.016032	
	1.408000	,	0.061955	
	1.408000	,	-0.031501	
	1.408000	,	-0.079518	
	1.406000	,	0.086447	
	1.406000	,	-0.026667	
	1.406000	,	-0.041169	
	1.406000	,	0.024573	
	1.404000	,	-0.031823	
	1.404000	,	-0.042458	
	1.404000	,	-0.116256	
	1.404000	,	-0.053092	
	1.402000	,	-0.061793	
	1.402000	,	-0.026022	
	1.402000	,	-0.016999	
	1.402000	,	-0.004753	
	1.400000	,	-0.011198	
	1.400000	,	-0.017644	
	1.400000	,	-0.065016	
	1.400000	,	-0.022155	
	1.398000	,	-0.200044	
	1.398000	,	-0.056959	
	1.398000	,	-0.066305	
	1.398000	,	-0.024089	
	1.396000	,	-0.030856	
	1.396000	,	-0.027634	
	1.396000	,	-0.047936	
	1.396000	,	-0.034079	
	1.394000	,	-0.038913	
	1.394000	,	-0.016032	
	1.394000	,	0.022317	
	1.394000	,	-0.011521	
	1.392000	,	-0.032468	
	1.392000	,	-0.065016	
	1.392000	,	-0.238715	
	1.392000	,	-0.081129	
	1.390000	,	-0.012487	
	1.390000	,	0.005237	
	1.390000	,	0.015227	
	1.390000	,	-0.020544	
	1.388000	,	0.117707	
	1.388000	,	-0.019255	
	1.388000	,	-0.030856	
	1.388000	,	-0.036979	
	1.386000	,	-0.128502	
	1.386000	,	-0.055348	
	1.386000	,	-0.029567	
	1.386000	,	-0.017966	
	1.384000	,	0.094181	
	1.384000	,	-0.041169	
	1.384000	,	0.147999	
	1.384000	,	0.019739	
	1.382000	,	-0.066305	
	1.382000	,	-0.050514	
	1.382000	,	0.014260	
	1.382000	,	-0.055348	
	1.380000	,	-0.149449	
	1.380000	,	-0.005398	
	1.380000	,	-0.016999	
	1.380000	,	-0.142037	
	1.378000	,	-0.010554	
	1.378000	,	-0.062116	
	1.378000	,	-0.083063	
	1.378000	,	-0.028600	
	1.376000	,	0.001048	
	1.376000	,	-0.053415	
	1.376000	,	-0.026989	
	1.376000	,	0.503777	
	1.374000	,	-0.048903	
	1.374000	,	-0.026345	
	1.374000	,	0.022639	
	1.374000	,	-0.033434	
	1.372000	,	-0.008620	
	1.372000	,	0.033274	
	1.372000	,	-0.087252	
	1.372000	,	-0.033434	
	1.370000	,	-0.031501	
	1.370000	,	-0.036335	
	1.370000	,	-0.031179	
	1.370000	,	-0.011843	
	1.368000	,	-0.004109	
	1.368000	,	-0.345384	
	1.368000	,	-0.047614	
	1.368000	,	-0.003786	
	1.366000	,	0.006526	
	1.366000	,	-0.194243	
	1.366000	,	0.098371	
	1.366000	,	0.029407	
	1.364000	,	-0.026667	
	1.364000	,	0.008782	
	1.364000	,	-0.003464	
	1.364000	,	-0.026022	
	1.362000	,	-0.190698	
	1.362000	,	0.016838	
	1.362000	,	-0.043102	
	1.362000	,	-0.030534	
	1.360000	,	-0.017966	
	1.360000	,	-0.094664	
	1.360000	,	-0.025378	
	1.360000	,	-0.047614	
	1.358000	,	-0.060504	
	1.358000	,	-0.028278	
	1.358000	,	-0.056315	
	1.358000	,	-0.076295	
	1.356000	,	0.010393	
	1.356000	,	-0.014743	
	1.356000	,	-0.058249	
	1.356000	,	-0.046325	
	1.354000	,	0.078713	
	1.354000	,	-0.018933	
	1.354000	,	0.062922	
	1.354000	,	0.021350	
	1.352000	,	-0.012165	
	1.352000	,	-0.020866	
	1.352000	,	-0.053415	
	1.352000	,	-0.032145	
	1.350000	,	-0.029245	
	1.350000	,	-0.127535	
	1.350000	,	-0.017644	
	1.350000	,	-0.028278	
	1.348000	,	-0.043424	
	1.348000	,	-0.033434	
	1.348000	,	-0.025056	
	1.348000	,	-0.025056	
	1.346000	,	-0.026989	
	1.346000	,	-0.024089	
	1.346000	,	-0.029567	
	1.346000	,	-0.108199	
	1.344000	,	-0.012810	
	1.344000	,	-0.030534	
	1.344000	,	-0.177163	
	1.344000	,	-0.031823	
	1.342000	,	-0.047936	
	1.342000	,	-0.036979	
	1.342000	,	-0.047614	
	1.342000	,	-0.028923	
	1.340000	,	0.033918	
	1.340000	,	-0.055026	
	1.340000	,	-0.027956	
	1.340000	,	-0.065661	
	1.338000	,	-0.046325	
	1.338000	,	-0.263851	
	1.338000	,	-0.043424	
	1.338000	,	-0.007009	
	1.336000	,	-0.021188	
	1.336000	,	-0.103043	
	1.336000	,	0.094181	
	1.336000	,	-0.047292	
	1.334000	,	0.010716	
	1.334000	,	-0.030212	
	1.334000	,	-0.025056	
	1.334000	,	-0.009909	
	1.332000	,	-0.056637	
	1.332000	,	-0.005075	
	1.332000	,	-0.011198	
	1.332000	,	-0.099176	
	1.330000	,	-0.072750	
	1.330000	,	-0.028923	
	1.330000	,	-0.059860	
	1.330000	,	-0.035046	
	1.328000	,	-0.031501	
	1.328000	,	0.047131	
	1.328000	,	-0.035368	
	1.328000	,	-0.085641	
	1.326000	,	-0.019255	
	1.326000	,	-0.036657	
	1.326000	,	0.046164	
	1.326000	,	-0.034079	
	1.324000	,	-0.102076	
	1.324000	,	-0.034401	
	1.324000	,	-0.019899	
	1.324000	,	-0.028278	
	1.322000	,	-0.002819	
	1.322000	,	-0.032790	
	1.322000	,	-0.025700	
	1.322000	,	-0.012487	
	1.320000	,	-0.026345	
	1.320000	,	-0.065661	
	1.320000	,	0.061311	
	1.320000	,	-0.022800	
	1.318000	,	-0.016032	
	1.318000	,	0.023284	
	1.318000	,	-0.081774	
	1.318000	,	-0.037946	
	1.316000	,	-0.039880	
	1.316000	,	-0.202300	
	1.316000	,	-0.025700	
	1.316000	,	0.016838	
	1.314000	,	0.008460	
	1.314000	,	-0.019577	
	1.314000	,	0.050031	
	1.314000	,	-0.056315	
	1.312000	,	-0.019577	
	1.312000	,	-0.047614	
	1.312000	,	-0.041169	
	1.312000	,	-0.039880	
	1.310000	,	-0.042458	
	1.310000	,	-0.063082	
	1.310000	,	-0.059215	
	1.310000	,	-0.093053	
	1.308000	,	-0.048258	
	1.308000	,	-0.125601	
	1.308000	,	-0.035690	
	1.308000	,	-0.021833	
	1.306000	,	-0.006687	
	1.306000	,	-0.020544	
	1.306000	,	-0.025700	
	1.306000	,	-0.047614	
	1.304000	,	-0.110777	
	1.304000	,	-0.030856	
	1.304000	,	-0.027956	
	1.304000	,	0.021028	
	1.302000	,	-0.062438	
	1.302000	,	-0.065016	
	1.302000	,	0.002659	
	1.302000	,	-0.052770	
	1.300000	,	-0.013132	
	1.300000	,	-0.060827	
	1.300000	,	-0.086930	
	1.300000	,	-0.046003	
	1.298000	,	0.156700	
	1.298000	,	-0.057282	
	1.298000	,	-0.036979	
	1.298000	,	-0.033112	
	1.296000	,	-0.027956	
	1.296000	,	-0.012487	
	1.296000	,	-0.235492	
	1.296000	,	-0.133980	
	1.294000	,	-0.025700	
	1.294000	,	0.117707	
	1.294000	,	-0.072750	
	1.294000	,	-0.015710	
	1.292000	,	-0.032468	
	1.292000	,	-0.035368	
	1.292000	,	-0.026667	
	1.292000	,	-0.044714	
	1.290000	,	-0.026345	
	1.290000	,	-0.021511	
	1.290000	,	-0.015388	
	1.290000	,	-0.026345	
	1.288000	,	0.092570	
	1.288000	,	0.013616	
	1.288000	,	-0.059860	
	1.288000	,	-0.081451	
	1.286000	,	-0.032145	
	1.286000	,	0.035852	
	1.286000	,	-0.043424	
	1.286000	,	-0.025700	
	1.284000	,	0.008782	
	1.284000	,	0.011682	
	1.284000	,	-0.024733	
	1.284000	,	-0.020222	
	1.282000	,	-0.048903	
	1.282000	,	-0.164595	
	1.282000	,	-0.018610	
	1.282000	,	-0.026345	
	1.280000	,	0.019417	
	1.280000	,	-0.031179	
	1.280000	,	-0.022477	
	1.280000	,	-0.092731	
	1.278000	,	-0.010554	
	1.278000	,	-0.041813	
	1.278000	,	0.062922	
	1.278000	,	-0.030856	
	1.276000	,	-0.024411	
	1.276000	,	-0.028600	
	1.276000	,	-0.051803	
	1.276000	,	0.010393	
	1.274000	,	-0.025378	
	1.274000	,	-0.055348	
	1.274000	,	-0.031823	
	1.274000	,	-0.033757	
	1.272000	,	0.070979	
	1.272000	,	-0.115933	
	1.272000	,	0.002659	
	1.272000	,	0.068078	
	1.270000	,	-0.018610	
	1.270000	,	-0.021188	
	1.270000	,	0.075812	
	1.270000	,	-0.040846	
	1.268000	,	-0.029889	
	1.268000	,	-0.060504	
	1.268000	,	-0.065016	
	1.268000	,	-0.001208	
	1.266000	,	0.005237	
	1.266000	,	0.073557	
	1.266000	,	-0.026667	
	1.266000	,	-0.101754	
	1.264000	,	-0.008620	
	1.264000	,	-0.012165	
	1.264000	,	-0.026022	
	1.264000	,	0.030373	
	1.262000	,	0.013938	
	1.262000	,	-0.005075	
	1.262000	,	-0.072106	
	1.262000	,	-0.029889	
	1.260000	,	-0.055993	
	1.260000	,	-0.055670	
	1.260000	,	0.000081	
	1.260000	,	-0.036979	
	1.258000	,	0.004593	
	1.258000	,	-0.046003	
	1.258000	,	-0.023444	
	1.258000	,	-0.098209	
	1.256000	,	0.050998	
	1.256000	,	-0.024089	
	1.256000	,	-0.061793	
	1.256000	,	-0.029245	
	1.254000	,	-0.157827	
	1.254000	,	-0.048903	
	1.254000	,	-0.028923	
	1.254000	,	-0.011521	
	1.252000	,	-0.056637	
	1.252000	,	-0.028278	
	1.252000	,	0.014583	
	1.252000	,	0.017483	
	1.250000	,	0.006848	
	1.250000	,	-0.034723	
	1.250000	,	-0.070817	
	1.250000	,	-0.021511	
	1.248000	,	-0.013454	
	1.248000	,	-0.021511	
	1.248000	,	0.110939	
	1.248000	,	-0.012165	
	1.246000	,	-0.096920	
	1.246000	,	-0.030212	
	1.246000	,	-0.002175	
	1.246000	,	-0.045036	
	1.244000	,	-0.049225	
	1.244000	,	-0.035046	
	1.244000	,	-0.117222	
	1.244000	,	-0.033434	
	1.242000	,	-0.054704	
	1.242000	,	-0.030534	
	1.242000	,	-0.021833	
	1.242000	,	0.126730	
	1.240000	,	-0.055993	
	1.240000	,	-0.052126	
	1.240000	,	-0.064372	
	1.240000	,	-0.016354	
	1.238000	,	-0.042458	
	1.238000	,	-0.085641	
	1.238000	,	-0.040846	
	1.238000	,	-0.038591	
	1.236000	,	-0.049225	
	1.236000	,	0.032629	
	1.236000	,	-0.100143	
	1.236000	,	-0.190698	
	1.234000	,	-0.099176	
	1.234000	,	-0.016999	
	1.234000	,	-0.032468	

